,memory,type,is_cold,exec_time,connection_time,client_time,provider_time,cost
0,512,cold,True,6763638,0.09626599999999999,9674428.0,6778000,63.30000000000001
1,512,cold,True,7016037,0.0695,9650986.0,7026000,66.07500000000002
2,512,cold,True,6938388,0.073522,9648379.0,6949000,65.15000000000002
3,512,cold,True,8054005,0.13176,11626691.0,8071000,75.32500000000002
4,512,cold,True,10224913,0.06882,14980933.0,10253000,95.67500000000001
5,512,cold,True,8127029,0.18250999999999998,11246336.0,8140000,76.25
6,512,cold,True,10433943,0.078908,13443852.0,10448000,97.525
7,512,cold,True,6947022,0.086345,9868658.0,6962000,65.15000000000002
8,512,cold,True,6657706,0.10370599999999999,9209858.0,6671000,62.375
9,512,cold,True,6680170,0.110355,10591147.0,6691000,62.375
10,512,cold,True,7169623,0.078024,10248792.0,7189000,67.00000000000001
11,512,cold,True,7436895,0.061671000000000004,10959145.0,7449000,69.775
12,512,cold,True,9386698,0.089367,13064615.0,9399000,87.35000000000002
13,512,cold,True,7873395,0.057120000000000004,11100186.0,7885000,73.47500000000001
14,512,cold,True,8446696,0.169215,12079396.0,8461000,79.02500000000002
15,512,cold,True,8020716,0.158255,11603627.0,8034000,75.32500000000002
16,512,cold,True,10425564,0.113223,13867722.0,10443000,97.525
17,512,cold,True,10583393,0.070463,13899268.0,10600000,98.45000000000002
18,512,cold,True,10592620,0.17194600000000002,15032903.0,10605000,99.37500000000001
19,512,cold,True,7247708,0.082066,10219836.0,7259000,67.92500000000001
20,512,cold,True,6455198,0.07103999999999999,9482152.0,6473000,60.525000000000006
21,512,cold,True,7455467,0.084108,9729501.0,7467000,69.775
22,512,cold,True,8792423,0.162455,11880202.0,8804000,82.72500000000001
23,512,cold,True,6166823,0.13656600000000002,8965750.0,6180000,57.75000000000001
24,512,cold,True,6940215,0.165894,10157832.0,6951000,65.15000000000002
25,512,cold,True,7935738,0.143868,11618024.0,7947000,74.40000000000002
26,512,cold,True,9964976,0.12482599999999999,13467878.0,9977000,92.9
27,512,cold,True,7052678,0.1359,9282867.0,7065000,66.07500000000002
28,512,cold,True,7470540,0.08065800000000001,10936484.0,7482000,69.775
29,512,cold,True,7342650,0.09446399999999999,10481736.0,7356000,68.85000000000002
30,512,cold,True,7196672,0.153059,11812944.0,7215000,67.92500000000001
31,512,cold,True,8628683,0.16348800000000002,12416072.0,8642000,80.87500000000003
32,512,cold,True,11597146,0.078604,14345625.0,11609000,108.62500000000001
33,512,cold,True,7503682,0.07785399999999999,9984387.0,7515000,70.7
34,512,cold,True,8057247,0.085241,11425433.0,8069000,75.32500000000002
35,512,cold,True,9611604,0.09163500000000001,13069568.0,9627000,90.125
36,512,cold,True,7172622,0.160326,10892356.0,7184000,67.00000000000001
37,512,cold,True,6848424,0.10045499999999999,9629898.0,6860000,64.22500000000001
38,512,cold,True,9239731,0.072625,14267125.0,9257000,86.42500000000003
39,512,cold,True,6493432,0.11929300000000001,8885975.0,6505000,61.45
40,512,cold,True,7900423,0.150585,11626484.0,7916000,74.40000000000002
41,512,cold,True,7243414,0.07938300000000001,10987046.0,7255000,67.92500000000001
42,512,cold,True,7226652,0.133553,10303792.0,7238000,67.92500000000001
43,512,cold,True,7411646,0.105531,11681823.0,7436000,69.775
44,512,cold,True,7869945,0.149872,11699958.0,7885000,73.47500000000001
45,512,cold,True,7916131,0.165243,11677448.0,7930000,74.40000000000002
46,512,cold,True,6774158,0.082484,9889855.0,6787000,63.30000000000001
47,512,cold,True,7734773,0.079447,11091999.0,7747000,72.55000000000003
48,512,cold,True,10068181,0.061628999999999996,13035047.0,10082000,93.82500000000002
49,512,cold,True,18736332,0.08147599999999999,18802176.0,18745000,174.30000000000004
50,512,cold,True,7379102,0.147787,9991356.0,7393000,68.85000000000002
51,512,cold,True,7437336,0.123313,10371312.0,7457000,69.775
52,512,cold,True,6681608,0.081553,9796671.0,6694000,62.375
53,512,cold,True,7360098,0.080182,10482139.0,7377000,68.85000000000002
54,512,cold,True,7406413,0.06055599999999999,10038327.0,7421000,69.775
55,512,cold,True,7180976,0.090272,11718086.0,7194000,67.00000000000001
56,512,cold,True,8359501,0.15879000000000001,11979239.0,8376000,78.10000000000001
57,512,cold,True,6768655,0.086418,9667967.0,6780000,63.30000000000001
58,512,cold,True,8458802,0.10684600000000001,11504380.0,8475000,79.02500000000002
59,512,cold,True,8632562,0.103171,12027013.0,8654000,80.87500000000003
60,512,cold,True,10900181,0.148946,15049545.0,10917000,102.15
61,512,cold,True,6723869,0.098011,9537457.0,6735000,63.30000000000001
62,512,cold,True,6641625,0.100377,9190291.0,6652000,62.375
63,512,cold,True,11006498,0.17373,14922477.0,11037000,103.07500000000002
64,512,cold,True,6699712,0.089586,9749289.0,6711000,63.30000000000001
65,512,cold,True,6382193,0.118398,8886963.0,6392000,59.60000000000001
66,512,cold,True,6912337,0.159854,9249792.0,6923000,65.15000000000002
67,512,cold,True,7402093,0.09941900000000001,10030175.0,7413000,69.775
68,512,cold,True,8056440,0.100767,11095394.0,8069000,75.32500000000002
69,512,cold,True,7331412,0.13171300000000002,10305828.0,7346000,68.85000000000002
70,512,cold,True,6981735,0.06893200000000001,9821739.0,6994000,65.15000000000002
71,512,cold,True,7960509,0.07396799999999999,11813561.0,7972000,74.40000000000002
72,512,cold,True,8328196,0.11735999999999999,12268501.0,8345000,78.10000000000001
73,512,cold,True,6849622,0.084776,9596425.0,6861000,64.22500000000001
74,512,cold,True,7976805,0.094657,11115550.0,7989000,74.40000000000002
75,512,cold,True,8664920,0.084819,11990399.0,8677000,80.87500000000003
76,512,cold,True,10444003,0.17211400000000002,15004305.0,10457000,97.525
77,512,cold,True,7083482,0.084498,9864408.0,7094000,66.07500000000002
78,512,cold,True,8276554,0.132107,12253537.0,8289000,77.17500000000001
79,512,cold,True,7327775,0.111419,11658836.0,7346000,68.85000000000002
80,512,cold,True,8162895,0.078689,11203412.0,8174000,76.25
81,512,cold,True,18105381,0.082526,18161454.0,18114000,168.75
82,512,cold,True,6817310,0.07472100000000001,9837817.0,6831000,64.22500000000001
83,512,cold,True,8106931,0.080216,11379921.0,8121000,76.25
84,512,cold,True,10042358,0.088826,13023018.0,10055000,93.82500000000002
85,512,cold,True,8137768,0.168096,11237137.0,8155000,76.25
86,512,cold,True,8344960,0.167962,11233112.0,8358000,78.10000000000001
87,512,cold,True,7117447,0.178627,9955361.0,7130000,67.00000000000001
88,512,cold,True,7532952,0.120244,10361471.0,7544000,70.7
89,512,cold,True,7106288,0.10811099999999998,9878690.0,7116000,67.00000000000001
90,512,cold,True,7306666,0.101361,10337373.0,7324000,68.85000000000002
91,512,cold,True,6786511,0.088863,8959224.0,6797000,63.30000000000001
92,512,cold,True,7866815,0.166453,11287128.0,7881000,73.47500000000001
93,512,cold,True,9316884,0.176767,14369355.0,9340000,87.35000000000002
94,512,cold,True,6994545,0.139904,11418163.0,7015000,66.07500000000002
95,512,cold,True,7373149,0.095195,10343003.0,7385000,68.85000000000002
96,512,cold,True,7917059,0.072657,11384656.0,7942000,74.40000000000002
97,512,cold,True,7452888,0.072854,11013268.0,7464000,69.775
98,512,cold,True,7456763,0.074308,10986792.0,7468000,69.775
99,512,cold,True,11480525,0.076683,14378351.0,11499000,106.77500000000002
100,512,cold,True,7146990,0.167206,10200366.0,7161000,67.00000000000001
101,512,cold,True,7800889,0.074298,10907189.0,7820000,73.47500000000001
102,512,cold,True,7200306,0.14494200000000002,10197067.0,7212000,67.92500000000001
103,512,cold,True,7186850,0.13843699999999998,10223576.0,7198000,67.00000000000001
104,512,cold,True,7860522,0.083402,11530874.0,7872000,73.47500000000001
105,512,cold,True,8478121,0.076274,12000352.0,8500000,79.02500000000002
106,512,cold,True,18689673,0.062941,18760649.0,18699000,173.37500000000003
107,512,cold,True,9958197,0.11096099999999999,14811454.0,9979000,92.9
108,512,cold,True,7237039,0.106869,11720774.0,7250000,67.92500000000001
109,512,cold,True,8305011,0.083649,11796114.0,8317000,78.10000000000001
110,512,cold,True,7221566,0.085355,11710191.0,7232000,67.92500000000001
111,512,cold,True,10054778,0.088888,13120552.0,10068000,93.82500000000002
112,512,cold,True,7424122,0.064634,10947823.0,7436000,69.775
113,512,cold,True,7565210,0.156503,10746947.0,7585000,70.7
114,512,cold,True,7927474,0.136844,11280992.0,7939000,74.40000000000002
115,512,cold,True,7723525,0.17739100000000002,11246905.0,7736000,72.55000000000003
116,512,cold,True,8159971,0.17741700000000002,11307738.0,8172000,76.25
117,512,cold,True,6659869,0.087757,9666532.0,6671000,62.375
118,512,cold,True,7783120,0.130553,11126497.0,7804000,73.47500000000001
119,512,cold,True,8655238,0.15423499999999998,12945356.0,8670000,80.87500000000003
120,512,cold,True,7642957,0.112448,11310867.0,7655000,71.62500000000001
121,512,cold,True,8788868,0.132795,12693688.0,8809000,82.72500000000001
122,512,cold,True,7821486,0.07085599999999999,11140228.0,7832000,73.47500000000001
123,512,cold,True,7413722,0.099603,10074693.0,7426000,69.775
124,512,cold,True,7415219,0.058779,10054576.0,7429000,69.775
125,512,cold,True,8383351,0.12678,12444028.0,8402000,79.02500000000002
126,512,cold,True,7343493,0.099819,10623860.0,7358000,68.85000000000002
127,512,cold,True,9960521,0.164189,13435302.0,9978000,92.9
128,512,cold,True,6900300,0.15708699999999998,10159383.0,6913000,65.15000000000002
129,512,cold,True,7470752,0.077295,10364082.0,7483000,69.775
130,512,cold,True,8460214,0.08250199999999999,11420830.0,8473000,79.02500000000002
131,512,cold,True,8374578,0.09426799999999999,12328981.0,8391000,78.10000000000001
132,512,cold,True,7569283,0.092552,11736743.0,7581000,70.7
133,512,cold,True,8343929,0.101783,11803741.0,8363000,78.10000000000001
134,512,cold,True,7210584,0.125376,10311365.0,7222000,67.92500000000001
135,512,cold,True,8430587,0.072114,11462012.0,8442000,79.02500000000002
136,512,cold,True,6795485,0.076032,9646104.0,6809000,64.22500000000001
137,512,cold,True,7413714,0.073671,11749797.0,7426000,69.775
138,512,cold,True,7828329,0.157789,11316048.0,7840000,73.47500000000001
139,512,cold,True,6671929,0.107201,9739117.0,6685000,62.375
140,512,cold,True,6727494,0.12784500000000001,9502362.0,6739000,63.30000000000001
141,512,cold,True,10026625,0.139204,13458500.0,10038000,93.82500000000002
142,512,cold,True,8686088,0.094087,13004277.0,8700000,80.87500000000003
143,512,cold,True,8639434,0.076883,12005398.0,8652000,80.87500000000003
144,512,cold,True,6387452,0.12978199999999998,8874081.0,6398000,59.60000000000001
145,512,cold,True,7500005,0.095499,10381869.0,7511000,70.7
146,512,cold,True,7346938,0.083325,10618486.0,7367000,68.85000000000002
147,512,cold,True,6971679,0.14668699999999998,10169498.0,6981000,65.15000000000002
148,512,cold,True,7171673,0.139877,9626199.0,7182000,67.00000000000001
149,512,cold,True,7465633,0.100256,10418987.0,7477000,69.775
150,512,cold,True,8251245,0.08318400000000001,11512618.0,8263000,77.17500000000001
151,512,cold,True,7424765,0.094061,10032447.0,7437000,69.775
152,512,cold,True,7386508,0.092657,10618395.0,7399000,68.85000000000002
153,512,cold,True,7337477,0.08528,10068541.0,7354000,68.85000000000002
154,512,cold,True,8303694,0.07142899999999999,10605786.0,8315000,78.10000000000001
155,512,cold,True,7150581,0.087826,10003265.0,7167000,67.00000000000001
156,512,cold,True,7600502,0.082865,10265498.0,7614000,71.62500000000001
157,512,cold,True,8304726,0.131331,12256427.0,8319000,78.10000000000001
158,512,cold,True,7026878,0.086991,10971951.0,7039000,66.07500000000002
159,512,cold,True,7260046,0.110679,9916423.0,7273000,67.92500000000001
160,512,cold,True,6667071,0.145759,11413627.0,6683000,62.375
161,512,cold,True,6764999,0.070238,9653672.0,6778000,63.30000000000001
162,512,cold,True,6455772,0.06235,9272106.0,6469000,60.525000000000006
163,512,cold,True,8013097,0.171268,11193970.0,8032000,75.32500000000002
164,512,cold,True,7162165,0.133964,10363285.0,7174000,67.00000000000001
165,512,cold,True,9488080,0.09471900000000001,13059039.0,9501000,89.20000000000002
166,512,cold,True,6752638,0.067025,9515973.0,6763000,63.30000000000001
167,512,cold,True,8120942,0.092561,11430945.0,8133000,76.25
168,512,cold,True,7256939,0.125101,9633616.0,7270000,67.92500000000001
169,512,cold,True,8266489,0.165229,11235180.0,8281000,77.17500000000001
170,512,cold,True,6784250,0.084119,8955208.0,6795000,63.30000000000001
171,512,cold,True,10630962,0.16561900000000002,15013234.0,10644000,99.37500000000001
172,512,cold,True,9516717,0.062575,12486218.0,9540000,89.20000000000002
173,512,cold,True,7858459,0.10447000000000001,11871910.0,7869000,73.47500000000001
174,512,cold,True,8056860,0.07998,11375087.0,8070000,75.32500000000002
175,512,cold,True,8091372,0.082824,11416525.0,8106000,76.25
176,512,cold,True,7121312,0.144673,10906753.0,7133000,67.00000000000001
177,512,cold,True,8015044,0.075526,11129669.0,8028000,75.32500000000002
178,512,cold,True,9456742,0.081301,13169695.0,9475000,88.27500000000003
179,512,cold,True,7560882,0.07606399999999999,10971308.0,7575000,70.7
180,512,cold,True,6668905,0.150539,9877175.0,6680000,62.375
181,512,cold,True,6812574,0.09219,9875005.0,6826000,64.22500000000001
182,512,cold,True,7948518,0.07496900000000001,11185112.0,7961000,74.40000000000002
183,512,cold,True,6153473,0.073384,8436306.0,6163000,57.75000000000001
184,512,cold,True,8421626,0.132687,12437892.0,8438000,79.02500000000002
185,512,cold,True,7966229,0.0964,11047307.0,7979000,74.40000000000002
186,512,cold,True,9543487,0.079658,13068144.0,9557000,89.20000000000002
187,512,cold,True,8110137,0.127937,11215437.0,8120000,76.25
188,512,cold,True,7488734,0.165712,10577533.0,7502000,70.7
189,512,cold,True,9476089,0.087884,13167163.0,9499000,88.27500000000003
190,512,cold,True,11498885,0.09353,14349371.0,11514000,107.70000000000002
191,512,cold,True,10054554,0.070841,14928915.0,10075000,93.82500000000002
192,512,cold,True,7766634,0.083774,10733643.0,7782000,72.55000000000003
193,512,cold,True,9619968,0.09591000000000001,12461710.0,9636000,90.125
194,512,cold,True,6580079,0.11742899999999999,8888882.0,6592000,61.45
195,512,cold,True,7895310,0.14113599999999998,11275951.0,7909000,74.40000000000002
196,512,cold,True,7011296,0.126093,9281523.0,7023000,66.07500000000002
197,512,cold,True,7139168,0.082618,10321017.0,7154000,67.00000000000001
198,512,cold,True,7296502,0.09629800000000001,10480718.0,7308000,68.85000000000002
199,512,cold,True,7775855,0.126538,11346364.0,7789000,72.55000000000003
0,512,warm,False,1050374,0.08523,1105008.0,1056000,10.575000000000003
1,512,warm,False,1086370,0.085787,1140886.0,1094000,10.575000000000003
2,512,warm,False,1157048,0.09875,1211231.0,1162000,11.500000000000002
3,512,warm,False,1134397,0.093477,1183934.0,1141000,11.500000000000002
4,512,warm,False,1077248,0.09303,1130178.0,1083000,10.575000000000003
5,512,warm,False,1018139,0.113014,1070241.0,1025000,10.575000000000003
6,512,warm,False,1037107,0.097579,1104263.0,1042000,10.575000000000003
7,512,warm,False,1025523,0.11902,1075656.0,1033000,10.575000000000003
8,512,warm,False,1034586,0.086714,1129267.0,1069000,10.575000000000003
9,512,warm,False,1037847,0.082013,1197569.0,1044000,10.575000000000003
10,512,warm,False,1184248,0.082426,1238694.0,1192000,11.500000000000002
11,512,warm,False,1118585,0.062898,1197617.0,1127000,11.500000000000002
12,512,warm,False,1111298,0.10227,1165453.0,1119000,11.500000000000002
13,512,warm,False,1011372,0.08025299999999999,1087762.0,1043000,10.575000000000003
14,512,warm,False,1123079,0.070329,1173687.0,1129000,11.500000000000002
15,512,warm,False,1078317,0.11005799999999999,1153164.0,1086000,10.575000000000003
16,512,warm,False,997235,0.11398499999999999,1051859.0,1004000,10.575000000000003
17,512,warm,False,1117916,0.09650700000000001,1171305.0,1125000,11.500000000000002
18,512,warm,False,1153826,0.10403699999999999,1217802.0,1169000,11.500000000000002
19,512,warm,False,1194557,0.08405599999999999,1254809.0,1203000,12.425
20,512,warm,False,1206004,0.08893,1273501.0,1223000,12.425
21,512,warm,False,1128298,0.09271499999999999,1181789.0,1136000,11.500000000000002
22,512,warm,False,1217254,0.086757,1284214.0,1225000,12.425
23,512,warm,False,1122653,0.10291700000000001,1204675.0,1160000,11.500000000000002
24,512,warm,False,1088154,0.102711,1138048.0,1095000,10.575000000000003
25,512,warm,False,1204645,0.095614,1260827.0,1214000,12.425
26,512,warm,False,1135632,0.08609299999999999,1186505.0,1142000,11.500000000000002
27,512,warm,False,1152529,0.085767,1206161.0,1159000,11.500000000000002
28,512,warm,False,1105895,0.08603200000000001,1153923.0,1113000,11.500000000000002
29,512,warm,False,1011186,0.104031,1166351.0,1116000,11.500000000000002
30,512,warm,False,1007376,0.09512899999999999,1157985.0,1012000,10.575000000000003
31,512,warm,False,1029991,0.07814700000000001,1080797.0,1037000,10.575000000000003
32,512,warm,False,1186332,0.074807,1235654.0,1192000,11.500000000000002
33,512,warm,False,1119055,0.059378999999999994,1242931.0,1196000,11.500000000000002
34,512,warm,False,1130375,0.09578400000000001,1185589.0,1138000,11.500000000000002
35,512,warm,False,1088897,0.085745,1139356.0,1095000,10.575000000000003
36,512,warm,False,1128818,0.091788,1185008.0,1137000,11.500000000000002
37,512,warm,False,1017488,0.08052000000000001,1074475.0,1025000,10.575000000000003
38,512,warm,False,1054322,0.090462,1109690.0,1062000,10.575000000000003
39,512,warm,False,1030220,0.11361700000000001,1088371.0,1036000,10.575000000000003
40,512,warm,False,1028627,0.096509,1166378.0,1035000,10.575000000000003
41,512,warm,False,1265964,0.08264099999999999,1323440.0,1274000,12.425
42,512,warm,False,1034926,0.056588,1170971.0,1104000,11.500000000000002
43,512,warm,False,1032757,0.075282,1083276.0,1040000,10.575000000000003
44,512,warm,False,1105175,0.0768,1153720.0,1114000,11.500000000000002
45,512,warm,False,927306,0.06817899999999999,1015659.0,963000,9.650000000000002
46,512,warm,False,932766,0.08972000000000001,1020024.0,938000,9.650000000000002
47,512,warm,False,1025749,0.083204,1113549.0,1033000,10.575000000000003
48,512,warm,False,1017972,0.08684700000000001,1071563.0,1024000,10.575000000000003
49,512,warm,False,1098092,0.07777,1148741.0,1105000,11.500000000000002
50,512,warm,False,1204932,0.070924,1271300.0,1225000,12.425
51,512,warm,False,1085056,0.10484600000000001,1138100.0,1095000,10.575000000000003
52,512,warm,False,1214658,0.09195,1270834.0,1221000,12.425
53,512,warm,False,1098372,0.08621799999999999,1213209.0,1170000,11.500000000000002
54,512,warm,False,960733,0.088992,1021158.0,967000,9.650000000000002
55,512,warm,False,928953,0.074645,1008674.0,963000,9.650000000000002
56,512,warm,False,956532,0.096221,1077438.0,963000,9.650000000000002
57,512,warm,False,963794,0.086755,1121907.0,970000,9.650000000000002
58,512,warm,False,1065852,0.091805,1118660.0,1073000,10.575000000000003
59,512,warm,False,1129712,0.117822,1182107.0,1138000,11.500000000000002
60,512,warm,False,1063509,0.07107100000000001,1117612.0,1070000,10.575000000000003
61,512,warm,False,1075574,0.10159,1140934.0,1084000,10.575000000000003
62,512,warm,False,1098213,0.098194,1146792.0,1105000,11.500000000000002
63,512,warm,False,1175274,0.077434,1231309.0,1182000,11.500000000000002
64,512,warm,False,1104777,0.086881,1158319.0,1111000,11.500000000000002
65,512,warm,False,1220161,0.09162100000000001,1324629.0,1267000,12.425
66,512,warm,False,1067735,0.087642,1127869.0,1074000,10.575000000000003
67,512,warm,False,1006896,0.07269400000000001,1151702.0,1100000,10.575000000000003
68,512,warm,False,1070651,0.061439999999999995,1195210.0,1075000,10.575000000000003
69,512,warm,False,1012219,0.122904,1116533.0,1074000,10.575000000000003
70,512,warm,False,963499,0.067678,1049814.0,970000,9.650000000000002
71,512,warm,False,1034787,0.12389000000000001,1156793.0,1039000,10.575000000000003
72,512,warm,False,1161847,0.08938099999999999,1212784.0,1168000,11.500000000000002
73,512,warm,False,1097397,0.08431799999999999,1151636.0,1103000,11.500000000000002
74,512,warm,False,982360,0.097704,1032587.0,989000,9.650000000000002
75,512,warm,False,986389,0.08559,1041349.0,993000,9.650000000000002
76,512,warm,False,1096522,0.10795899999999999,1232927.0,1105000,11.500000000000002
77,512,warm,False,1116350,0.089077,1236666.0,1182000,11.500000000000002
78,512,warm,False,1033726,0.09467300000000001,1149246.0,1104000,11.500000000000002
79,512,warm,False,1108458,0.074408,1171562.0,1115000,11.500000000000002
80,512,warm,False,1102429,0.08536200000000001,1159533.0,1110000,11.500000000000002
81,512,warm,False,1036614,0.10311300000000001,1088586.0,1044000,10.575000000000003
82,512,warm,False,1214101,0.09703200000000001,1270403.0,1223000,12.425
83,512,warm,False,1298034,0.08167,1457182.0,1404000,14.275000000000002
84,512,warm,False,1021000,0.086757,1162766.0,1112000,11.500000000000002
85,512,warm,False,1009565,0.091669,1074652.0,1019000,10.575000000000003
86,512,warm,False,1028148,0.091542,1079219.0,1034000,10.575000000000003
87,512,warm,False,961433,0.068595,1010705.0,968000,9.650000000000002
88,512,warm,False,940626,0.13481500000000002,1090809.0,1007000,10.575000000000003
89,512,warm,False,1167358,0.074309,1216988.0,1175000,11.500000000000002
90,512,warm,False,1037416,0.081095,1090872.0,1044000,10.575000000000003
91,512,warm,False,985457,0.082625,1037977.0,993000,9.650000000000002
92,512,warm,False,1055360,0.070675,1152776.0,1069000,10.575000000000003
93,512,warm,False,981745,0.079674,1084358.0,989000,9.650000000000002
94,512,warm,False,1030326,0.09987,1078474.0,1036000,10.575000000000003
95,512,warm,False,989780,0.09867999999999999,1098911.0,995000,9.650000000000002
96,512,warm,False,1005733,0.088896,1060396.0,1012000,10.575000000000003
97,512,warm,False,1082233,0.08147599999999999,1201646.0,1097000,10.575000000000003
98,512,warm,False,1020537,0.100941,1073592.0,1027000,10.575000000000003
99,512,warm,False,1054468,0.081605,1162640.0,1060000,10.575000000000003
100,512,warm,False,1098745,0.08810599999999999,1211307.0,1171000,11.500000000000002
101,512,warm,False,1022215,0.075781,1154281.0,1103000,11.500000000000002
102,512,warm,False,969865,0.082557,1094858.0,978000,9.650000000000002
103,512,warm,False,998173,0.083973,1048796.0,1003000,10.575000000000003
104,512,warm,False,1041138,0.076847,1098287.0,1048000,10.575000000000003
105,512,warm,False,1041101,0.089351,1114534.0,1047000,10.575000000000003
106,512,warm,False,1126599,0.077651,1179612.0,1133000,11.500000000000002
107,512,warm,False,1111540,0.086297,1164454.0,1118000,11.500000000000002
108,512,warm,False,1094252,0.07587200000000001,1180356.0,1101000,11.500000000000002
109,512,warm,False,980317,0.09552000000000001,1034034.0,989000,9.650000000000002
110,512,warm,False,977180,0.059602999999999996,1031866.0,982000,9.650000000000002
111,512,warm,False,1127592,0.070876,1184448.0,1133000,11.500000000000002
112,512,warm,False,972275,0.057638999999999996,1126526.0,978000,9.650000000000002
113,512,warm,False,1005736,0.059525,1108972.0,1013000,10.575000000000003
114,512,warm,False,1036050,0.074892,1192310.0,1042000,10.575000000000003
115,512,warm,False,1011939,0.087962,1110053.0,1064000,10.575000000000003
116,512,warm,False,933529,0.091917,1060136.0,1004000,10.575000000000003
117,512,warm,False,1094927,0.086852,1141796.0,1101000,11.500000000000002
118,512,warm,False,1020450,0.078894,1071700.0,1028000,10.575000000000003
119,512,warm,False,1080175,0.086738,1171737.0,1088000,10.575000000000003
120,512,warm,False,1097672,0.091309,1151808.0,1104000,11.500000000000002
121,512,warm,False,1012382,0.09123400000000001,1134953.0,1070000,10.575000000000003
122,512,warm,False,1093258,0.088562,1154885.0,1099000,10.575000000000003
123,512,warm,False,1099687,0.089047,1201691.0,1106000,11.500000000000002
124,512,warm,False,1011357,0.095134,1066794.0,1017000,10.575000000000003
125,512,warm,False,1003224,0.08314099999999999,1090221.0,1010000,10.575000000000003
126,512,warm,False,1298083,0.09511599999999999,1352435.0,1308000,13.35
127,512,warm,False,1214879,0.096649,1276138.0,1223000,12.425
128,512,warm,False,1259551,0.075878,1316572.0,1269000,12.425
129,512,warm,False,1150888,0.08846,1205687.0,1158000,11.500000000000002
130,512,warm,False,1264739,0.071869,1323185.0,1271000,12.425
131,512,warm,False,1122515,0.073224,1196712.0,1143000,11.500000000000002
132,512,warm,False,1183527,0.094251,1250793.0,1193000,11.500000000000002
133,512,warm,False,1116711,0.101006,1269691.0,1215000,12.425
134,512,warm,False,1211268,0.091031,1356902.0,1302000,13.35
135,512,warm,False,1177181,0.093173,1235317.0,1185000,11.500000000000002
136,512,warm,False,1037402,0.063303,1223121.0,1178000,11.500000000000002
137,512,warm,False,1207588,0.090613,1279437.0,1228000,12.425
138,512,warm,False,1011105,0.067264,1148757.0,1016000,10.575000000000003
139,512,warm,False,1023684,0.085243,1078504.0,1031000,10.575000000000003
140,512,warm,False,1051319,0.088543,1122510.0,1057000,10.575000000000003
141,512,warm,False,964156,0.083975,1071630.0,969000,9.650000000000002
142,512,warm,False,973118,0.080923,1030158.0,981000,9.650000000000002
143,512,warm,False,1104308,0.066777,1214402.0,1126000,11.500000000000002
144,512,warm,False,1118933,0.090126,1217318.0,1125000,11.500000000000002
145,512,warm,False,1318191,0.077132,1369874.0,1326000,13.35
146,512,warm,False,1155769,0.094203,1207117.0,1163000,11.500000000000002
147,512,warm,False,1094422,0.07638500000000001,1146233.0,1101000,11.500000000000002
148,512,warm,False,1167552,0.089157,1221048.0,1175000,11.500000000000002
149,512,warm,False,1284063,0.0892,1346079.0,1291000,12.425
150,512,warm,False,1108527,0.102566,1271214.0,1211000,12.425
151,512,warm,False,1126208,0.088638,1192019.0,1134000,11.500000000000002
152,512,warm,False,1122322,0.059316999999999995,1211318.0,1131000,11.500000000000002
153,512,warm,False,1178708,0.082674,1236498.0,1186000,11.500000000000002
154,512,warm,False,1029273,0.084886,1079734.0,1034000,10.575000000000003
155,512,warm,False,1029651,0.069517,1113621.0,1035000,10.575000000000003
156,512,warm,False,1097638,0.090254,1157778.0,1110000,11.500000000000002
157,512,warm,False,1124405,0.092514,1173937.0,1131000,11.500000000000002
158,512,warm,False,987249,0.083747,1167480.0,1060000,10.575000000000003
159,512,warm,False,1131373,0.08379,1355528.0,1310000,13.35
160,512,warm,False,1105171,0.085086,1234355.0,1172000,11.500000000000002
161,512,warm,False,1050507,0.070495,1101987.0,1056000,10.575000000000003
162,512,warm,False,1116165,0.099663,1173485.0,1127000,11.500000000000002
163,512,warm,False,1231630,0.076875,1283146.0,1239000,12.425
164,512,warm,False,1154750,0.069498,1207378.0,1161000,11.500000000000002
165,512,warm,False,1207140,0.090526,1261322.0,1213000,12.425
166,512,warm,False,1113239,0.085241,1202240.0,1121000,11.500000000000002
167,512,warm,False,1052816,0.091656,1105586.0,1059000,10.575000000000003
168,512,warm,False,1027370,0.090688,1159603.0,1112000,11.500000000000002
169,512,warm,False,969825,0.075677,1088151.0,974000,9.650000000000002
170,512,warm,False,1005042,0.094011,1108045.0,1014000,10.575000000000003
171,512,warm,False,1168478,0.090477,1224293.0,1175000,11.500000000000002
172,512,warm,False,1043117,0.07119,1106282.0,1058000,10.575000000000003
173,512,warm,False,1041381,0.07216499999999999,1211744.0,1049000,10.575000000000003
174,512,warm,False,1027416,0.06908500000000001,1111227.0,1064000,10.575000000000003
175,512,warm,False,1035534,0.075547,1110311.0,1043000,10.575000000000003
176,512,warm,False,1019836,0.070872,1096140.0,1055000,10.575000000000003
177,512,warm,False,1009840,0.09084,1091434.0,1016000,10.575000000000003
178,512,warm,False,1033521,0.075843,1211502.0,1040000,10.575000000000003
179,512,warm,False,1027637,0.109681,1077941.0,1033000,10.575000000000003
180,512,warm,False,930412,0.092489,1018024.0,967000,9.650000000000002
181,512,warm,False,891745,0.076115,942683.0,898000,8.725000000000001
182,512,warm,False,982186,0.10205399999999999,1035267.0,988000,9.650000000000002
183,512,warm,False,1120930,0.08148,1201271.0,1160000,11.500000000000002
184,512,warm,False,1044582,0.088537,1104554.0,1050000,10.575000000000003
185,512,warm,False,1088051,0.083973,1140177.0,1094000,10.575000000000003
186,512,warm,False,1006148,0.084838,1063943.0,1016000,10.575000000000003
187,512,warm,False,933341,0.09587999999999999,1084396.0,1037000,10.575000000000003
188,512,warm,False,1014919,0.063976,1063277.0,1020000,10.575000000000003
189,512,warm,False,1040125,0.07748300000000001,1201138.0,1105000,11.500000000000002
190,512,warm,False,1209463,0.08059,1266750.0,1219000,12.425
191,512,warm,False,1063135,0.10700799999999999,1116901.0,1073000,10.575000000000003
192,512,warm,False,1204328,0.086016,1267405.0,1210000,12.425
193,512,warm,False,1198987,0.089494,1258713.0,1206000,12.425
194,512,warm,False,1096323,0.08606799999999999,1147424.0,1102000,11.500000000000002
195,512,warm,False,1122664,0.09257,1251136.0,1204000,12.425
196,512,warm,False,1088042,0.11698199999999999,1135652.0,1094000,10.575000000000003
197,512,warm,False,1154011,0.111772,1208111.0,1161000,11.500000000000002
198,512,warm,False,999059,0.082798,1050987.0,1006000,10.575000000000003
199,512,warm,False,1020868,0.083124,1068807.0,1027000,10.575000000000003
0,1024,cold,True,7637598,0.078942,10866574.0,7651000,127.45
1,1024,cold,True,9071732,0.094735,11823661.0,9086000,150.54999999999998
2,1024,cold,True,7994434,0.077696,11306193.0,8008000,134.05
3,1024,cold,True,8366257,0.089528,12251962.0,8381000,139.0
4,1024,cold,True,8532970,0.060318,12333038.0,8550000,142.3
5,1024,cold,True,6430227,0.079579,10075502.0,6445000,107.65
6,1024,cold,True,8485742,0.087065,11919532.0,8501000,142.3
7,1024,cold,True,7507622,0.08934500000000001,10709026.0,7519000,125.8
8,1024,cold,True,8573043,0.087726,12246003.0,8585000,142.3
9,1024,cold,True,7613309,0.07944,10839156.0,7627000,127.45
10,1024,cold,True,8395228,0.105156,12204237.0,8408000,140.65
11,1024,cold,True,8540527,0.07610900000000001,11845394.0,8560000,142.3
12,1024,cold,True,8826888,0.11333800000000001,12769593.0,8847000,147.25
13,1024,cold,True,7894038,0.101954,11333686.0,7907000,132.4
14,1024,cold,True,8111297,0.128795,11798718.0,8124000,135.70000000000002
15,1024,cold,True,8343298,0.14621800000000001,11786445.0,8355000,139.0
16,1024,cold,True,7612218,0.126099,10701599.0,7626000,127.45
17,1024,cold,True,9351614,0.074789,13234496.0,9364000,155.5
18,1024,cold,True,8575648,0.08421000000000001,12814226.0,8591000,142.3
19,1024,cold,True,6871643,0.11148599999999999,9778363.0,6883000,114.25000000000001
20,1024,cold,True,8452842,0.10357100000000001,11422567.0,8468000,140.65
21,1024,cold,True,7221373,0.105592,10084897.0,7233000,120.85
22,1024,cold,True,8883271,0.100256,12557348.0,8897000,147.25
23,1024,cold,True,8835975,0.09431,12389910.0,8852000,147.25
24,1024,cold,True,7581985,0.07811,10842946.0,7594000,125.8
25,1024,cold,True,8799220,0.072349,11571984.0,8812000,147.25
26,1024,cold,True,8693961,0.074647,12329379.0,8709000,145.60000000000002
27,1024,cold,True,7074982,0.057629999999999994,9716620.0,7091000,117.55000000000001
28,1024,cold,True,6844732,0.097445,9375501.0,6856000,114.25000000000001
29,1024,cold,True,6906982,0.085336,10267881.0,6918000,115.89999999999999
30,1024,cold,True,9048503,0.067372,12748105.0,9064000,150.54999999999998
31,1024,cold,True,9406733,0.096826,11977448.0,9422000,157.15000000000003
32,1024,cold,True,11082056,0.098854,14985678.0,11098000,183.55
33,1024,cold,True,8111311,0.076717,10879925.0,8124000,135.70000000000002
34,1024,cold,True,8319240,0.097098,12503776.0,8336000,139.0
35,1024,cold,True,7638530,0.100595,10700072.0,7651000,127.45
36,1024,cold,True,7100189,0.079329,9707734.0,7113000,119.20000000000002
37,1024,cold,True,7484117,0.09317,10676424.0,7497000,124.15
38,1024,cold,True,9406992,0.105933,11968926.0,9422000,157.15000000000003
39,1024,cold,True,7662725,0.074553,10515425.0,7674000,127.45
40,1024,cold,True,11570366,0.12306800000000001,14208506.0,11582000,191.79999999999998
41,1024,cold,True,7061162,0.082385,9791575.0,7073000,117.55000000000001
42,1024,cold,True,7186620,0.09159400000000001,9803681.0,7199000,119.20000000000002
43,1024,cold,True,8957700,0.10625,11812907.0,8970000,148.9
44,1024,cold,True,7817419,0.071135,11386897.0,7832000,130.75000000000003
45,1024,cold,True,9638409,0.130473,12572139.0,9652000,160.45
46,1024,cold,True,8918425,0.071213,12879843.0,8940000,148.9
47,1024,cold,True,7710440,0.065813,11736726.0,7724000,129.10000000000002
48,1024,cold,True,9813299,0.09801499999999999,14274701.0,9833000,163.75000000000003
49,1024,cold,True,6634841,0.074656,10070283.0,6645000,110.95
50,1024,cold,True,8817798,0.111445,12125054.0,8831000,147.25
51,1024,cold,True,8960470,0.097058,12799828.0,8983000,148.9
52,1024,cold,True,7600091,0.10674600000000001,10680819.0,7619000,127.45
53,1024,cold,True,7606007,0.090295,11368066.0,7618000,127.45
54,1024,cold,True,7274414,0.094748,9803146.0,7286000,120.85
55,1024,cold,True,8219891,0.06463300000000001,11238619.0,8233000,137.35000000000002
56,1024,cold,True,6967642,0.10018099999999999,9782372.0,6980000,115.89999999999999
57,1024,cold,True,8448183,0.11076199999999999,12300074.0,8462000,140.65
58,1024,cold,True,7258620,0.08298,10682264.0,7271000,120.85
59,1024,cold,True,7813167,0.090039,10705651.0,7825000,130.75000000000003
60,1024,cold,True,7191525,0.11101400000000002,9844701.0,7206000,120.85
61,1024,cold,True,9015753,0.079415,12727993.0,9033000,150.54999999999998
62,1024,cold,True,9049243,0.110667,12776390.0,9067000,150.54999999999998
63,1024,cold,True,9469284,0.10699600000000001,12419298.0,9481000,157.15000000000003
64,1024,cold,True,7736696,0.077534,10749011.0,7751000,129.10000000000002
65,1024,cold,True,11530405,0.050229,11587330.0,11540000,191.79999999999998
66,1024,cold,True,9424484,0.114158,13158217.0,9437000,157.15000000000003
67,1024,cold,True,7522976,0.10790899999999999,10909633.0,7538000,125.8
68,1024,cold,True,7619509,0.090206,10690792.0,7631000,127.45
69,1024,cold,True,9745608,0.09894800000000001,12891628.0,9761000,162.10000000000002
70,1024,cold,True,7905305,0.11806300000000002,10851432.0,7922000,132.4
71,1024,cold,True,8394039,0.08722200000000001,11868196.0,8412000,140.65
72,1024,cold,True,8530197,0.06929,12239165.0,8543000,142.3
73,1024,cold,True,8857263,0.063752,12455007.0,8879000,147.25
74,1024,cold,True,9532841,0.102128,12265704.0,9548000,158.8
75,1024,cold,True,7110608,0.10762200000000001,10287824.0,7127000,119.20000000000002
76,1024,cold,True,8523081,0.09600299999999999,11836156.0,8538000,142.3
77,1024,cold,True,8347846,0.067824,11850422.0,8363000,139.0
78,1024,cold,True,6890086,0.07850800000000001,9801759.0,6900000,114.25000000000001
79,1024,cold,True,7680296,0.059301,10823687.0,7691000,127.45
80,1024,cold,True,7259085,0.10501500000000001,10089850.0,7271000,120.85
81,1024,cold,True,7274117,0.078718,10319723.0,7288000,120.85
82,1024,cold,True,6836229,0.10599700000000001,9377679.0,6846000,114.25000000000001
83,1024,cold,True,7325611,0.085261,9816222.0,7336000,122.49999999999999
84,1024,cold,True,7129164,0.087461,9801719.0,7141000,119.20000000000002
85,1024,cold,True,6599101,0.101883,10072944.0,6610000,110.95
86,1024,cold,True,10011808,0.07334600000000001,14256354.0,10027000,167.04999999999998
87,1024,cold,True,9179903,0.134404,12131724.0,9199000,152.20000000000002
88,1024,cold,True,6978493,0.074389,10237646.0,6989000,115.89999999999999
89,1024,cold,True,7768103,0.084886,10423989.0,7781000,129.10000000000002
90,1024,cold,True,11167686,0.066574,15023278.0,11187000,185.2
91,1024,cold,True,7222547,0.10047,10727231.0,7235000,120.85
92,1024,cold,True,9224622,0.165443,12362852.0,9237000,153.85
93,1024,cold,True,6429629,0.10900499999999999,9201909.0,6442000,107.65
94,1024,cold,True,7702035,0.097325,11362988.0,7719000,129.10000000000002
95,1024,cold,True,15087316,0.08976,15154478.0,15103000,251.2
96,1024,cold,True,9006776,0.122972,12000648.0,9020000,150.54999999999998
97,1024,cold,True,8868715,0.078062,12883013.0,8884000,147.25
98,1024,cold,True,9289174,0.07803500000000001,11841742.0,9301000,155.5
99,1024,cold,True,9002449,0.08153300000000001,12894988.0,9016000,150.54999999999998
100,1024,cold,True,8256631,0.12354200000000001,12927981.0,8270000,137.35000000000002
101,1024,cold,True,7631177,0.080305,10723998.0,7646000,127.45
102,1024,cold,True,8595748,0.10095499999999999,12227422.0,8615000,143.95
103,1024,cold,True,6951650,0.10277,10643669.0,6966000,115.89999999999999
104,1024,cold,True,7773631,0.094711,11286876.0,7785000,129.10000000000002
105,1024,cold,True,8346347,0.101976,12498939.0,8361000,139.0
106,1024,cold,True,6677803,0.110769,10223277.0,6694000,110.95
107,1024,cold,True,7645469,0.07875800000000001,10686979.0,7659000,127.45
108,1024,cold,True,6903081,0.070614,10245573.0,6918000,115.89999999999999
109,1024,cold,True,8003928,0.076696,11294654.0,8019000,134.05
110,1024,cold,True,8433929,0.104804,12824000.0,8453000,140.65
111,1024,cold,True,10934148,0.094191,13259774.0,10947000,181.9
112,1024,cold,True,8766537,0.08494,11831619.0,8777000,145.60000000000002
113,1024,cold,True,7796242,0.079166,11343067.0,7808000,130.75000000000003
114,1024,cold,True,7560599,0.101478,10133322.0,7578000,125.8
115,1024,cold,True,6557294,0.06400800000000001,9166838.0,6569000,109.3
116,1024,cold,True,8966015,0.173835,11753379.0,8981000,148.9
117,1024,cold,True,8666834,0.091262,11880783.0,8678000,143.95
118,1024,cold,True,8245532,0.086409,11285364.0,8260000,137.35000000000002
119,1024,cold,True,7768809,0.09238500000000001,10413603.0,7784000,129.10000000000002
120,1024,cold,True,8994185,0.140509,12005498.0,9006000,150.54999999999998
121,1024,cold,True,7825300,0.108768,10965474.0,7837000,130.75000000000003
122,1024,cold,True,8303614,0.088988,12937453.0,8316000,139.0
123,1024,cold,True,7869601,0.093007,10913294.0,7880000,130.75000000000003
124,1024,cold,True,8682664,0.147373,11768443.0,8694000,143.95
125,1024,cold,True,9563675,0.10541800000000001,13191886.0,9578000,158.8
126,1024,cold,True,7006156,0.09603300000000001,9779064.0,7017000,117.55000000000001
127,1024,cold,True,8164952,0.071502,11842080.0,8178000,135.70000000000002
128,1024,cold,True,9100163,0.12667,11806771.0,9116000,152.20000000000002
129,1024,cold,True,8587413,0.101691,12771139.0,8601000,143.95
130,1024,cold,True,7228448,0.084146,10714590.0,7244000,120.85
131,1024,cold,True,9350973,0.10861099999999999,11811681.0,9361000,155.5
132,1024,cold,True,8644259,0.124582,11793054.0,8655000,143.95
133,1024,cold,True,7469935,0.078653,10727932.0,7482000,124.15
134,1024,cold,True,7913315,0.106297,10980134.0,7924000,132.4
135,1024,cold,True,11262492,0.082464,15020055.0,11278000,186.85000000000005
136,1024,cold,True,6926830,0.06140399999999999,10306366.0,6938000,115.89999999999999
137,1024,cold,True,8359147,0.072719,12001161.0,8371000,139.0
138,1024,cold,True,7895928,0.083492,11018961.0,7909000,132.4
139,1024,cold,True,9995662,0.087176,12509825.0,10008000,167.04999999999998
140,1024,cold,True,9084480,0.12012,12078519.0,9096000,150.54999999999998
141,1024,cold,True,8145881,0.080728,11311799.0,8159000,135.70000000000002
142,1024,cold,True,7985941,0.098332,11327933.0,7999000,132.4
143,1024,cold,True,7647352,0.076826,10467514.0,7658000,127.45
144,1024,cold,True,10284719,0.098203,13493910.0,10303000,172.0
145,1024,cold,True,8497044,0.080853,11878601.0,8513000,142.3
146,1024,cold,True,11564320,0.08782000000000001,14105493.0,11576000,191.79999999999998
147,1024,cold,True,9885062,0.120026,12890643.0,9906000,165.4
148,1024,cold,True,8748602,0.065185,12407504.0,8766000,145.60000000000002
149,1024,cold,True,8430839,0.107841,12296427.0,8444000,140.65
150,1024,cold,True,8658649,0.129829,12282020.0,8671000,143.95
151,1024,cold,True,7078163,0.10698800000000001,10236891.0,7091000,117.55000000000001
152,1024,cold,True,10453666,0.123499,13245234.0,10472000,173.64999999999998
153,1024,cold,True,9613950,0.0924,12616700.0,9632000,160.45
154,1024,cold,True,7632040,0.083922,10799772.0,7644000,127.45
155,1024,cold,True,10007653,0.095801,14238824.0,10028000,167.04999999999998
156,1024,cold,True,7549886,0.11193,10565007.0,7566000,125.8
157,1024,cold,True,7069348,0.06789400000000001,10115792.0,7080000,117.55000000000001
158,1024,cold,True,9477846,0.082762,13154091.0,9491000,157.15000000000003
159,1024,cold,True,7356140,0.106269,10667414.0,7368000,122.49999999999999
160,1024,cold,True,9066701,0.111266,12013493.0,9080000,150.54999999999998
161,1024,cold,True,7768719,0.10896199999999999,10850681.0,7785000,129.10000000000002
162,1024,cold,True,7854976,0.052508000000000006,11774948.0,7870000,130.75000000000003
163,1024,cold,True,6980965,0.091663,10655560.0,7003000,117.55000000000001
164,1024,cold,True,10493792,0.11658099999999999,14148635.0,10505000,175.3
165,1024,cold,True,7885675,0.100242,10842685.0,7906000,132.4
166,1024,cold,True,8245993,0.086868,12946948.0,8258000,137.35000000000002
167,1024,cold,True,7853641,0.08251599999999999,10716348.0,7865000,130.75000000000003
168,1024,cold,True,11641640,0.079364,14261405.0,11653000,193.45000000000002
169,1024,cold,True,7656740,0.09514500000000001,10479997.0,7669000,127.45
170,1024,cold,True,7110251,0.062615,9782331.0,7120000,119.20000000000002
171,1024,cold,True,9169277,0.076235,11841021.0,9181000,152.20000000000002
172,1024,cold,True,9426731,0.11914300000000001,11899369.0,9438000,157.15000000000003
173,1024,cold,True,9487833,0.12907000000000002,11791381.0,9499000,157.15000000000003
174,1024,cold,True,8518335,0.07009299999999999,11900318.0,8532000,142.3
175,1024,cold,True,7638100,0.086707,10853366.0,7651000,127.45
176,1024,cold,True,7463237,0.084441,10808034.0,7474000,124.15
177,1024,cold,True,8488206,0.093499,12354436.0,8500000,140.65
178,1024,cold,True,7436672,0.09515599999999999,10671032.0,7449000,124.15
179,1024,cold,True,8411411,0.065123,12504973.0,8423000,140.65
180,1024,cold,True,7375909,0.10516099999999999,10708901.0,7387000,122.49999999999999
181,1024,cold,True,7884258,0.067929,11346329.0,7896000,130.75000000000003
182,1024,cold,True,7468086,0.080222,9691641.0,7481000,124.15
183,1024,cold,True,9085589,0.16982,12023038.0,9096000,150.54999999999998
184,1024,cold,True,7046797,0.120376,9765181.0,7058000,117.55000000000001
185,1024,cold,True,6637307,0.104558,9169673.0,6649000,110.95
186,1024,cold,True,10322224,0.080911,13520422.0,10339000,172.0
187,1024,cold,True,7932441,0.114705,11935298.0,7944000,132.4
188,1024,cold,True,11552733,0.123748,14211468.0,11565000,191.79999999999998
189,1024,cold,True,7145685,0.063742,10324966.0,7157000,119.20000000000002
190,1024,cold,True,9986285,0.103272,12825042.0,9998000,165.4
191,1024,cold,True,7465765,0.067074,10755059.0,7478000,124.15
192,1024,cold,True,7432414,0.09953200000000001,10560319.0,7445000,124.15
193,1024,cold,True,11147010,0.10513499999999999,14023286.0,11168000,185.2
194,1024,cold,True,9448875,0.14391900000000002,12383841.0,9460000,157.15000000000003
195,1024,cold,True,7074168,0.06001,10298905.0,7089000,117.55000000000001
196,1024,cold,True,8451058,0.08606799999999999,11419101.0,8465000,140.65
197,1024,cold,True,6412108,0.114738,9200733.0,6423000,107.65
198,1024,cold,True,8594564,0.058625,11991375.0,8606000,143.95
199,1024,cold,True,10600622,0.08713,14213998.0,10615000,176.95000000000002
0,1024,warm,False,734728,0.086279,823533.0,774000,13.6
1,1024,warm,False,702079,0.11113800000000001,780751.0,738000,13.6
2,1024,warm,False,777918,0.069927,837875.0,783000,13.6
3,1024,warm,False,646557,0.08794400000000001,782871.0,732000,13.6
4,1024,warm,False,657823,0.076794,712591.0,665000,11.95
5,1024,warm,False,697949,0.202868,761361.0,705000,13.6
6,1024,warm,False,644383,0.056253,701040.0,651000,11.95
7,1024,warm,False,688393,0.07244099999999999,752783.0,703000,13.6
8,1024,warm,False,641565,0.195221,765810.0,649000,11.95
9,1024,warm,False,832416,0.064976,896076.0,846000,15.250000000000002
10,1024,warm,False,747370,0.043685,839462.0,788000,13.6
11,1024,warm,False,658610,0.074146,798759.0,745000,13.6
12,1024,warm,False,759426,0.094151,812618.0,766000,13.6
13,1024,warm,False,695626,0.064235,747825.0,704000,13.6
14,1024,warm,False,730417,0.16926,794324.0,741000,13.6
15,1024,warm,False,655645,0.20407999999999998,763695.0,701000,13.6
16,1024,warm,False,710525,0.092757,767724.0,721000,13.6
17,1024,warm,False,634422,0.08852,696945.0,643000,11.95
18,1024,warm,False,661625,0.11283800000000001,714515.0,668000,11.95
19,1024,warm,False,657664,0.10431199999999999,750957.0,709000,13.6
20,1024,warm,False,656593,0.183831,780075.0,676000,11.95
21,1024,warm,False,688334,0.082356,744666.0,694000,11.95
22,1024,warm,False,665866,0.071984,716142.0,674000,11.95
23,1024,warm,False,673869,0.06817899999999999,723691.0,680000,11.95
24,1024,warm,False,705667,0.082692,764050.0,713000,13.6
25,1024,warm,False,655066,0.079485,717800.0,672000,11.95
26,1024,warm,False,659280,0.09013600000000001,717024.0,668000,11.95
27,1024,warm,False,718460,0.081777,812449.0,769000,13.6
28,1024,warm,False,637042,0.203778,759049.0,645000,11.95
29,1024,warm,False,636539,0.063321,693696.0,647000,11.95
30,1024,warm,False,761906,0.06673899999999999,817729.0,768000,13.6
31,1024,warm,False,662298,0.08388,750651.0,706000,13.6
32,1024,warm,False,882006,0.11703699999999999,943935.0,895000,15.250000000000002
33,1024,warm,False,706780,0.194434,771982.0,712000,13.6
34,1024,warm,False,710762,0.094974,768602.0,717000,13.6
35,1024,warm,False,674942,0.059494000000000005,721496.0,680000,11.95
36,1024,warm,False,637002,0.048216,688203.0,643000,11.95
37,1024,warm,False,628047,0.085552,680436.0,635000,11.95
38,1024,warm,False,620735,0.08456699999999999,672377.0,628000,11.95
39,1024,warm,False,673924,0.09576799999999999,725801.0,680000,11.95
40,1024,warm,False,622993,0.068143,706969.0,660000,11.95
41,1024,warm,False,730499,0.18283,783278.0,739000,13.6
42,1024,warm,False,696193,0.06225,746395.0,704000,13.6
43,1024,warm,False,597257,0.072162,663194.0,612000,11.95
44,1024,warm,False,588238,0.055122000000000004,638110.0,594000,10.3
45,1024,warm,False,615319,0.104939,677382.0,621000,11.95
46,1024,warm,False,651068,0.099339,705939.0,657000,11.95
47,1024,warm,False,841157,0.08555399999999999,898587.0,849000,15.250000000000002
48,1024,warm,False,690572,0.075468,745147.0,700000,11.95
49,1024,warm,False,691563,0.096082,750610.0,698000,11.95
50,1024,warm,False,649052,0.158467,801689.0,684000,11.95
51,1024,warm,False,661636,0.200178,763885.0,669000,11.95
52,1024,warm,False,656888,0.084248,801494.0,759000,13.6
53,1024,warm,False,659582,0.074611,711874.0,667000,11.95
54,1024,warm,False,654406,0.072933,757472.0,661000,11.95
55,1024,warm,False,640514,0.10119600000000001,701624.0,647000,11.95
56,1024,warm,False,737192,0.186635,857659.0,811000,15.250000000000002
57,1024,warm,False,749433,0.090197,840396.0,795000,13.6
58,1024,warm,False,717150,0.080218,771346.0,725000,13.6
59,1024,warm,False,730518,0.096399,783508.0,737000,13.6
60,1024,warm,False,654114,0.06958500000000001,702965.0,660000,11.95
61,1024,warm,False,639875,0.079024,774549.0,722000,13.6
62,1024,warm,False,623174,0.073261,689863.0,642000,11.95
63,1024,warm,False,624892,0.202434,758670.0,631000,11.95
64,1024,warm,False,707002,0.07735399999999999,772212.0,716000,13.6
65,1024,warm,False,633883,0.085452,697702.0,645000,11.95
66,1024,warm,False,672542,0.070624,720995.0,678000,11.95
67,1024,warm,False,687031,0.106398,740770.0,694000,11.95
68,1024,warm,False,709760,0.07462200000000001,759305.0,718000,13.6
69,1024,warm,False,858595,0.20358800000000002,940221.0,875000,15.250000000000002
70,1024,warm,False,766703,0.06679,823605.0,775000,13.6
71,1024,warm,False,622680,0.09779299999999999,718383.0,672000,11.95
72,1024,warm,False,623075,0.081865,678400.0,635000,11.95
73,1024,warm,False,644330,0.19983599999999999,757838.0,652000,11.95
74,1024,warm,False,757806,0.066586,815334.0,764000,13.6
75,1024,warm,False,744577,0.09829700000000001,815640.0,751000,13.6
76,1024,warm,False,775626,0.089384,832441.0,783000,13.6
77,1024,warm,False,697448,0.18876199999999999,812793.0,743000,13.6
78,1024,warm,False,702471,0.075663,766935.0,711000,13.6
79,1024,warm,False,718974,0.08000700000000001,775932.0,726000,13.6
80,1024,warm,False,704175,0.070621,779934.0,713000,13.6
81,1024,warm,False,644561,0.082275,757365.0,652000,11.95
82,1024,warm,False,641626,0.17537,787985.0,647000,11.95
83,1024,warm,False,616497,0.071607,670951.0,623000,11.95
84,1024,warm,False,640023,0.09513200000000001,780054.0,729000,13.6
85,1024,warm,False,596483,0.083424,646126.0,603000,11.95
86,1024,warm,False,611504,0.07561,671278.0,618000,11.95
87,1024,warm,False,725762,0.181141,780768.0,732000,13.6
88,1024,warm,False,663017,0.10682699999999999,711508.0,668000,11.95
89,1024,warm,False,655923,0.077666,707384.0,662000,11.95
90,1024,warm,False,737011,0.079837,797526.0,746000,13.6
91,1024,warm,False,653714,0.084151,710120.0,661000,11.95
92,1024,warm,False,699100,0.088166,801481.0,706000,13.6
93,1024,warm,False,628846,0.079706,687337.0,634000,11.95
94,1024,warm,False,720035,0.088507,766696.0,726000,13.6
95,1024,warm,False,645042,0.069563,702091.0,652000,11.95
96,1024,warm,False,631009,0.10325799999999999,680750.0,639000,11.95
97,1024,warm,False,603083,0.101449,654037.0,610000,11.95
98,1024,warm,False,707872,0.070159,762065.0,718000,13.6
99,1024,warm,False,622038,0.181902,779676.0,632000,11.95
100,1024,warm,False,756921,0.093559,809819.0,763000,13.6
101,1024,warm,False,657596,0.083531,796278.0,755000,13.6
102,1024,warm,False,712874,0.095539,761589.0,719000,13.6
103,1024,warm,False,657490,0.18292,780661.0,727000,13.6
104,1024,warm,False,653165,0.075781,760249.0,719000,13.6
105,1024,warm,False,745866,0.097578,801628.0,755000,13.6
106,1024,warm,False,709242,0.075373,765981.0,718000,13.6
107,1024,warm,False,621535,0.201005,760208.0,627000,11.95
108,1024,warm,False,581102,0.074563,636358.0,587000,10.3
109,1024,warm,False,607024,0.078306,659913.0,614000,11.95
110,1024,warm,False,634897,0.07906,689303.0,641000,11.95
111,1024,warm,False,641660,0.09424500000000001,694111.0,647000,11.95
112,1024,warm,False,652726,0.075674,701764.0,659000,11.95
113,1024,warm,False,707078,0.07549,853951.0,806000,15.250000000000002
114,1024,warm,False,759014,0.069174,814443.0,766000,13.6
115,1024,warm,False,694796,0.19916199999999998,764798.0,703000,13.6
116,1024,warm,False,669977,0.087306,726706.0,680000,11.95
117,1024,warm,False,658388,0.077709,767358.0,723000,13.6
118,1024,warm,False,640463,0.074607,691057.0,648000,11.95
119,1024,warm,False,692640,0.07403,747827.0,699000,11.95
120,1024,warm,False,720087,0.19963599999999998,787964.0,726000,13.6
121,1024,warm,False,655874,0.079759,710422.0,662000,11.95
122,1024,warm,False,643325,0.175235,789794.0,649000,11.95
123,1024,warm,False,634476,0.101293,692478.0,646000,11.95
124,1024,warm,False,861675,0.069357,915462.0,868000,15.250000000000002
125,1024,warm,False,674068,0.106029,732455.0,681000,11.95
126,1024,warm,False,632075,0.075155,684425.0,641000,11.95
127,1024,warm,False,624995,0.074994,674728.0,630000,11.95
128,1024,warm,False,605811,0.08404199999999999,653897.0,613000,11.95
129,1024,warm,False,655237,0.097246,734569.0,684000,11.95
130,1024,warm,False,745816,0.073313,837833.0,793000,13.6
131,1024,warm,False,724230,0.067113,771313.0,731000,13.6
132,1024,warm,False,750643,0.101323,806340.0,758000,13.6
133,1024,warm,False,782462,0.20365,837910.0,789000,13.6
134,1024,warm,False,620709,0.090668,672867.0,628000,11.95
135,1024,warm,False,629017,0.18548199999999998,779027.0,693000,11.95
136,1024,warm,False,636545,0.090077,779013.0,737000,13.6
137,1024,warm,False,659387,0.074816,713895.0,667000,11.95
138,1024,warm,False,616221,0.080384,669155.0,622000,11.95
139,1024,warm,False,840526,0.186059,971461.0,926000,16.9
140,1024,warm,False,600846,0.097552,655083.0,606000,11.95
141,1024,warm,False,607099,0.092538,692788.0,647000,11.95
142,1024,warm,False,568248,0.09702899999999999,699819.0,653000,11.95
143,1024,warm,False,625974,0.170719,789992.0,634000,11.95
144,1024,warm,False,619898,0.052063,752598.0,704000,13.6
145,1024,warm,False,557151,0.07320700000000001,705030.0,661000,11.95
146,1024,warm,False,644959,0.204433,759220.0,651000,11.95
147,1024,warm,False,616240,0.081243,669459.0,622000,11.95
148,1024,warm,False,604028,0.08438,654850.0,613000,11.95
149,1024,warm,False,774491,0.068514,825042.0,782000,13.6
150,1024,warm,False,802844,0.186199,866905.0,809000,15.250000000000002
151,1024,warm,False,736161,0.084701,789945.0,742000,13.6
152,1024,warm,False,672443,0.05558099999999999,731660.0,678000,11.95
153,1024,warm,False,788195,0.084087,840357.0,795000,13.6
154,1024,warm,False,786370,0.074245,847299.0,796000,13.6
155,1024,warm,False,613343,0.069451,668156.0,620000,11.95
156,1024,warm,False,569921,0.077524,650115.0,607000,11.95
157,1024,warm,False,609956,0.077284,666841.0,618000,11.95
158,1024,warm,False,655361,0.195518,766446.0,662000,11.95
159,1024,warm,False,655636,0.102843,788624.0,736000,13.6
160,1024,warm,False,564548,0.172415,791342.0,570000,10.3
161,1024,warm,False,544528,0.059678999999999996,642685.0,549000,10.3
162,1024,warm,False,573563,0.079236,625095.0,580000,10.3
163,1024,warm,False,561415,0.09455,613133.0,566000,10.3
164,1024,warm,False,578908,0.075063,627362.0,585000,10.3
165,1024,warm,False,705461,0.090434,854088.0,808000,15.250000000000002
166,1024,warm,False,684539,0.090102,739011.0,690000,11.95
167,1024,warm,False,721489,0.09438400000000001,780888.0,728000,13.6
168,1024,warm,False,696796,0.203913,758857.0,703000,13.6
169,1024,warm,False,655010,0.093378,756574.0,710000,13.6
170,1024,warm,False,606879,0.08682100000000001,662893.0,614000,11.95
171,1024,warm,False,604492,0.064224,660125.0,610000,11.95
172,1024,warm,False,658626,0.174016,787320.0,665000,11.95
173,1024,warm,False,613662,0.074379,753978.0,707000,13.6
174,1024,warm,False,640429,0.194495,768788.0,647000,11.95
175,1024,warm,False,644091,0.09328600000000001,701012.0,651000,11.95
176,1024,warm,False,686176,0.060103,739688.0,694000,11.95
177,1024,warm,False,663146,0.08421000000000001,767688.0,715000,13.6
178,1024,warm,False,644029,0.085501,697240.0,650000,11.95
179,1024,warm,False,584053,0.085408,632354.0,590000,10.3
180,1024,warm,False,604723,0.076677,664781.0,619000,11.95
181,1024,warm,False,607587,0.075802,663357.0,616000,11.95
182,1024,warm,False,637357,0.072439,694363.0,642000,11.95
183,1024,warm,False,673919,0.063683,729233.0,687000,11.95
184,1024,warm,False,702907,0.062099,759970.0,711000,13.6
185,1024,warm,False,733850,0.187103,789624.0,741000,13.6
186,1024,warm,False,635755,0.104092,687243.0,643000,11.95
187,1024,warm,False,716533,0.094461,871944.0,816000,15.250000000000002
188,1024,warm,False,698917,0.09437100000000001,753132.0,705000,13.6
189,1024,warm,False,747934,0.18178,806334.0,755000,13.6
190,1024,warm,False,647247,0.07702200000000001,699666.0,654000,11.95
191,1024,warm,False,657362,0.072784,711912.0,664000,11.95
192,1024,warm,False,603354,0.10080399999999999,733705.0,687000,11.95
193,1024,warm,False,620368,0.082845,668166.0,627000,11.95
194,1024,warm,False,607471,0.121983,659814.0,614000,11.95
195,1024,warm,False,630859,0.085883,685414.0,636000,11.95
196,1024,warm,False,650437,0.091977,697187.0,657000,11.95
197,1024,warm,False,579828,0.078679,665464.0,618000,11.95
198,1024,warm,False,601152,0.09665,675735.0,633000,11.95
199,1024,warm,False,615493,0.066027,740383.0,627000,11.95
0,2048,cold,True,5713329,0.12025599999999999,8199578.0,5723000,168.60000000000002
1,2048,cold,True,8978606,0.076459,11619790.0,8996000,261.4
2,2048,cold,True,8287900,0.125808,11688278.0,8301000,244.00000000000003
3,2048,cold,True,8169251,0.073513,12199970.0,8182000,238.2
4,2048,cold,True,9011728,0.08975599999999999,12637314.0,9030000,264.3
5,2048,cold,True,6989884,0.12075899999999999,9639268.0,7005000,206.29999999999998
6,2048,cold,True,9118260,0.095015,13193842.0,9139000,267.19999999999993
7,2048,cold,True,6446581,0.119047,9684179.0,6460000,188.9
8,2048,cold,True,7504337,0.097829,10547347.0,7526000,220.79999999999998
9,2048,cold,True,7156322,0.102087,10603478.0,7171000,209.20000000000005
10,2048,cold,True,7961758,0.118341,11232615.0,7976000,232.4
11,2048,cold,True,8649220,0.12565199999999999,11227057.0,8660000,252.70000000000002
12,2048,cold,True,5629500,0.10116599999999999,8215053.0,5639000,165.70000000000002
13,2048,cold,True,7689166,0.090043,10424382.0,7704000,226.6
14,2048,cold,True,9112105,0.12775,12483781.0,9125000,267.19999999999993
15,2048,cold,True,7252296,0.105396,10494935.0,7264000,212.1
16,2048,cold,True,8224527,0.102934,11207784.0,8237000,241.10000000000005
17,2048,cold,True,8479963,0.095761,12311925.0,8499000,246.89999999999998
18,2048,cold,True,7409488,0.114897,10483546.0,7422000,217.9
19,2048,cold,True,8141768,0.089046,12099478.0,8158000,238.2
20,2048,cold,True,6801763,0.08831599999999999,9719379.0,6813000,200.50000000000003
21,2048,cold,True,5939695,0.12645699999999999,8652515.0,5951000,174.4
22,2048,cold,True,7805784,0.06762,11196099.0,7820000,229.50000000000006
23,2048,cold,True,7774485,0.070886,11013375.0,7793000,226.6
24,2048,cold,True,7350844,0.147331,10328386.0,7363000,215.00000000000006
25,2048,cold,True,7182977,0.115451,9870181.0,7194000,209.20000000000005
26,2048,cold,True,6203982,0.111998,8609535.0,6214000,183.10000000000002
27,2048,cold,True,8671446,0.094588,11756855.0,8683000,252.70000000000002
28,2048,cold,True,8309552,0.09842000000000001,11552281.0,8322000,244.00000000000003
29,2048,cold,True,8714813,0.125078,12494424.0,8727000,255.60000000000002
30,2048,cold,True,7137752,0.129197,9648293.0,7149000,209.20000000000005
31,2048,cold,True,6989044,0.130977,9630842.0,7002000,206.29999999999998
32,2048,cold,True,7965513,0.095996,11085505.0,7979000,232.4
33,2048,cold,True,7045113,0.094558,11108376.0,7056000,206.29999999999998
34,2048,cold,True,7034929,0.078179,9757666.0,7054000,206.29999999999998
35,2048,cold,True,6440798,0.10330299999999999,8743041.0,6454000,188.9
36,2048,cold,True,6292825,0.125673,9274905.0,6304000,186.00000000000003
37,2048,cold,True,7059659,0.078694,10421670.0,7087000,206.29999999999998
38,2048,cold,True,6166437,0.137754,8241932.0,6176000,180.20000000000002
39,2048,cold,True,8133943,0.098372,8219012.0,8144000,238.2
40,2048,cold,True,7617197,0.07926699999999999,11262788.0,7630000,223.70000000000002
41,2048,cold,True,6836069,0.146965,9626533.0,6852000,200.50000000000003
42,2048,cold,True,8291710,0.098977,11939829.0,8305000,244.00000000000003
43,2048,cold,True,7743925,0.100314,10658416.0,7756000,226.6
44,2048,cold,True,8850570,0.09286699999999999,12655153.0,8867000,258.5
45,2048,cold,True,6961691,0.141249,9867883.0,6974000,203.4
46,2048,cold,True,7381314,0.10977200000000001,10353933.0,7395000,215.00000000000006
47,2048,cold,True,6835414,0.120054,10447773.0,6847000,200.50000000000003
48,2048,cold,True,8161836,0.085704,11249118.0,8179000,238.2
49,2048,cold,True,8381371,0.082048,11646197.0,8398000,244.00000000000003
50,2048,cold,True,8874905,0.134453,12483531.0,8886000,258.5
51,2048,cold,True,8309911,0.119929,12119643.0,8329000,244.00000000000003
52,2048,cold,True,8674309,0.100374,12222700.0,8690000,252.70000000000002
53,2048,cold,True,7279577,0.109927,10659854.0,7292000,212.1
54,2048,cold,True,7412750,0.10464200000000001,10389562.0,7425000,217.9
55,2048,cold,True,7001865,0.157106,10927872.0,7015000,206.29999999999998
56,2048,cold,True,7196361,0.092012,9871379.0,7208000,212.1
57,2048,cold,True,7875031,0.125197,11038579.0,7893000,229.50000000000006
58,2048,cold,True,8151305,0.089459,12172662.0,8168000,238.2
59,2048,cold,True,6348852,0.10545999999999998,9351413.0,6360000,186.00000000000003
60,2048,cold,True,8116333,0.095417,11298647.0,8130000,238.2
61,2048,cold,True,6968234,0.13905,10838165.0,6980000,203.4
62,2048,cold,True,8207601,0.124785,12122898.0,8221000,241.10000000000005
63,2048,cold,True,8527248,0.09728200000000001,11784631.0,8541000,249.79999999999998
64,2048,cold,True,7882711,0.057803999999999994,10874843.0,7900000,229.50000000000006
65,2048,cold,True,7915483,0.097102,11583175.0,7927000,232.4
66,2048,cold,True,8134274,0.10736199999999999,11116470.0,8161000,238.2
67,2048,cold,True,6545866,0.0958,9291567.0,6559000,191.79999999999998
68,2048,cold,True,8559284,0.115773,12107661.0,8579000,249.79999999999998
69,2048,cold,True,7910603,0.08730299999999999,10961168.0,7925000,232.4
70,2048,cold,True,6763063,0.10862899999999999,10268481.0,6775000,197.60000000000002
71,2048,cold,True,6961799,0.099006,10129405.0,6974000,203.4
72,2048,cold,True,7539870,0.09452999999999999,10965494.0,7552000,220.79999999999998
73,2048,cold,True,7371453,0.06135499999999999,10413808.0,7384000,215.00000000000006
74,2048,cold,True,6650742,0.099689,9383056.0,6662000,194.70000000000002
75,2048,cold,True,8177275,0.084415,11241512.0,8192000,238.2
76,2048,cold,True,9076035,0.13788,12482399.0,9089000,264.3
77,2048,cold,True,7252509,0.110074,10658981.0,7266000,212.1
78,2048,cold,True,6489546,0.074186,9387229.0,6503000,191.79999999999998
79,2048,cold,True,7107469,0.09728400000000001,9219320.0,7122000,209.20000000000005
80,2048,cold,True,5544824,0.124793,7372906.0,5554000,162.8
81,2048,cold,True,8123224,0.139955,11263544.0,8136000,238.2
82,2048,cold,True,8163437,0.086252,11206660.0,8180000,238.2
83,2048,cold,True,7708927,0.089442,11517714.0,7727000,226.6
84,2048,cold,True,6763027,0.122001,10469207.0,6774000,197.60000000000002
85,2048,cold,True,7337906,0.09600700000000001,10668329.0,7350000,215.00000000000006
86,2048,cold,True,7581418,0.10422200000000001,10260804.0,7597000,220.79999999999998
87,2048,cold,True,8011769,0.135708,11100461.0,8029000,235.29999999999998
88,2048,cold,True,6969204,0.099734,10115439.0,6982000,203.4
89,2048,cold,True,8134858,0.072922,12186110.0,8149000,238.2
90,2048,cold,True,7049815,0.140349,10511317.0,7061000,206.29999999999998
91,2048,cold,True,6766587,0.11845499999999999,9644188.0,6778000,197.60000000000002
92,2048,cold,True,7951979,0.1166,11061357.0,7964000,232.4
93,2048,cold,True,7524834,0.093815,10387373.0,7537000,220.79999999999998
94,2048,cold,True,8127506,0.092093,11978765.0,8143000,238.2
95,2048,cold,True,8996668,0.128396,12481815.0,9009000,264.3
96,2048,cold,True,7265644,0.106394,10658576.0,7282000,212.1
97,2048,cold,True,6196842,0.116524,9091602.0,6207000,183.10000000000002
98,2048,cold,True,8269691,0.08960800000000001,11554844.0,8283000,241.10000000000005
99,2048,cold,True,6844012,0.095462,9712417.0,6866000,200.50000000000003
100,2048,cold,True,8305454,0.127352,11885468.0,8318000,244.00000000000003
101,2048,cold,True,7944411,0.059646000000000005,11296679.0,7957000,232.4
102,2048,cold,True,7329781,0.087818,10429733.0,7341000,215.00000000000006
103,2048,cold,True,9120417,0.102933,13193064.0,9141000,267.19999999999993
104,2048,cold,True,8064178,0.13435999999999998,11639019.0,8078000,235.29999999999998
105,2048,cold,True,6368088,0.131142,9138206.0,6379000,186.00000000000003
106,2048,cold,True,7173540,0.097937,9848229.0,7186000,209.20000000000005
107,2048,cold,True,8037920,0.141557,11058813.0,8067000,235.29999999999998
108,2048,cold,True,6683685,0.103612,9654418.0,6695000,194.70000000000002
109,2048,cold,True,7674078,0.058471,11284832.0,7686000,223.70000000000002
110,2048,cold,True,9109823,0.069546,12681186.0,9124000,267.19999999999993
111,2048,cold,True,7578995,0.101076,10258106.0,7596000,220.79999999999998
112,2048,cold,True,7743883,0.10338599999999999,10384858.0,7760000,226.6
113,2048,cold,True,9034012,0.120048,12530196.0,9049000,264.3
114,2048,cold,True,7102860,0.127307,10452199.0,7117000,209.20000000000005
115,2048,cold,True,7917887,0.09980499999999999,11445396.0,7930000,232.4
116,2048,cold,True,6478258,0.139225,9491557.0,6489000,188.9
117,2048,cold,True,9971121,0.09813,13389072.0,9990000,290.4
118,2048,cold,True,7103406,0.108333,10476757.0,7119000,209.20000000000005
119,2048,cold,True,8926508,0.094766,12660467.0,8943000,261.4
120,2048,cold,True,9818911,0.07792,13129288.0,9836000,287.5
121,2048,cold,True,7980697,0.13426,11044027.0,7998000,232.4
122,2048,cold,True,8630963,0.130386,11222954.0,8641000,252.70000000000002
123,2048,cold,True,8860359,0.097048,12299441.0,8876000,258.5
124,2048,cold,True,9370798,0.119827,12657713.0,9387000,273.0
125,2048,cold,True,5748388,0.059561,7901463.0,5759000,168.60000000000002
126,2048,cold,True,8945483,0.055092999999999996,9149954.0,8956000,261.4
127,2048,cold,True,8412956,0.11801099999999999,11428764.0,8431000,246.89999999999998
128,2048,cold,True,8800505,0.092904,12026600.0,8814000,258.5
129,2048,cold,True,7068801,0.099237,10321452.0,7081000,206.29999999999998
130,2048,cold,True,8253581,0.141522,11257382.0,8269000,241.10000000000005
131,2048,cold,True,7049355,0.07096000000000001,9323050.0,7060000,206.29999999999998
132,2048,cold,True,7401169,0.10813299999999999,10375819.0,7423000,217.9
133,2048,cold,True,10001870,0.076593,13388997.0,10018000,293.3
134,2048,cold,True,8163995,0.148924,11086162.0,8180000,238.2
135,2048,cold,True,7677192,0.089724,10389701.0,7695000,223.70000000000002
136,2048,cold,True,7317660,0.13079200000000002,10679722.0,7333000,215.00000000000006
137,2048,cold,True,6724027,0.132753,9632957.0,6735000,197.60000000000002
138,2048,cold,True,7120512,0.082351,10493080.0,7132000,209.20000000000005
139,2048,cold,True,8043537,0.082354,10881149.0,8056000,235.29999999999998
140,2048,cold,True,9195584,0.075214,13211199.0,9213000,270.1
141,2048,cold,True,8180342,0.091296,11510004.0,8195000,238.2
142,2048,cold,True,6954927,0.103742,10118894.0,6966000,203.4
143,2048,cold,True,7271219,0.11511800000000001,10347516.0,7283000,212.1
144,2048,cold,True,8727641,0.072565,12242288.0,8745000,255.60000000000002
145,2048,cold,True,8261717,0.124036,12111260.0,8277000,241.10000000000005
146,2048,cold,True,7228335,0.072813,9908706.0,7243000,212.1
147,2048,cold,True,7232915,0.085159,9912307.0,7247000,212.1
148,2048,cold,True,7427981,0.082959,10390301.0,7439000,217.9
149,2048,cold,True,6878302,0.13608299999999998,9863620.0,6892000,200.50000000000003
150,2048,cold,True,8550541,0.131512,11445494.0,8563000,249.79999999999998
151,2048,cold,True,7740611,0.09843400000000001,10982269.0,7752000,226.6
152,2048,cold,True,7119364,0.10305399999999999,9886888.0,7133000,209.20000000000005
153,2048,cold,True,7213895,0.131777,10649737.0,7226000,212.1
154,2048,cold,True,7331900,0.117328,10658870.0,7346000,215.00000000000006
155,2048,cold,True,6759962,0.086868,10426831.0,6771000,197.60000000000002
156,2048,cold,True,7628693,0.09791799999999999,10273603.0,7650000,223.70000000000002
157,2048,cold,True,7406091,0.142298,10663381.0,7420000,217.9
158,2048,cold,True,6894789,0.07302,9801925.0,6926000,203.4
159,2048,cold,True,7316711,0.11673800000000001,10685447.0,7330000,215.00000000000006
160,2048,cold,True,7940137,0.11149300000000001,10982654.0,7953000,232.4
161,2048,cold,True,8874659,0.121425,12494789.0,8889000,258.5
162,2048,cold,True,7438289,0.096558,9706472.0,7448000,217.9
163,2048,cold,True,8846124,0.093703,12260804.0,8862000,258.5
164,2048,cold,True,7418569,0.11946400000000001,9691204.0,7429000,217.9
165,2048,cold,True,7631672,0.090643,10693548.0,7645000,223.70000000000002
166,2048,cold,True,8021543,0.08716,11282854.0,8034000,235.29999999999998
167,2048,cold,True,9035768,0.141238,12551250.0,9054000,264.3
168,2048,cold,True,8603316,0.10360899999999999,11732168.0,8616000,252.70000000000002
169,2048,cold,True,9895099,0.10287,13384316.0,9916000,290.4
170,2048,cold,True,8819746,0.10975499999999999,12537964.0,8836000,258.5
171,2048,cold,True,6845099,0.135598,10439425.0,6856000,200.50000000000003
172,2048,cold,True,8451367,0.091351,12114157.0,8466000,246.89999999999998
173,2048,cold,True,7262923,0.085702,10536743.0,7275000,212.1
174,2048,cold,True,6883210,0.14751,9627122.0,6894000,200.50000000000003
175,2048,cold,True,7740730,0.090186,10272191.0,7755000,226.6
176,2048,cold,True,5737426,0.123352,8225860.0,5747000,168.60000000000002
177,2048,cold,True,8240968,0.096553,12050188.0,8256000,241.10000000000005
178,2048,cold,True,7001509,0.118176,9532756.0,7015000,206.29999999999998
179,2048,cold,True,6481521,0.073727,9377040.0,6496000,188.9
180,2048,cold,True,8494372,0.101589,11133853.0,8506000,249.79999999999998
181,2048,cold,True,8634597,0.082261,11541367.0,8651000,252.70000000000002
182,2048,cold,True,8777048,0.074546,12036238.0,8791000,255.60000000000002
183,2048,cold,True,7032070,0.094769,9900152.0,7048000,206.29999999999998
184,2048,cold,True,7714255,0.070375,11047916.0,7726000,226.6
185,2048,cold,True,8368930,0.117349,11729464.0,8384000,244.00000000000003
186,2048,cold,True,9862801,0.095053,13104391.0,9878000,287.5
187,2048,cold,True,5516907,0.139098,7420434.0,5526000,162.8
188,2048,cold,True,7971760,0.10792,10884273.0,7983000,232.4
189,2048,cold,True,7888573,0.135956,11411724.0,7901000,232.4
190,2048,cold,True,6791131,0.13583199999999998,9645079.0,6801000,200.50000000000003
191,2048,cold,True,7924714,0.12153,11429459.0,7939000,232.4
192,2048,cold,True,8667364,0.106679,11710035.0,8680000,252.70000000000002
193,2048,cold,True,7778682,0.100855,11235102.0,7791000,226.6
194,2048,cold,True,6977896,0.11785999999999999,9867046.0,6988000,203.4
195,2048,cold,True,9407834,0.071035,12033839.0,9420000,275.90000000000003
196,2048,cold,True,6086887,0.125808,8999584.0,6097000,177.3
197,2048,cold,True,6593227,0.118842,9350013.0,6603000,194.70000000000002
198,2048,cold,True,8461967,0.10088899999999999,11596127.0,8477000,246.89999999999998
199,2048,cold,True,9386676,0.074007,12690398.0,9400000,273.0
0,2048,warm,False,554780,0.095151,609627.0,563000,17.8
1,2048,warm,False,493957,0.084156,633092.0,581000,17.8
2,2048,warm,False,540418,0.149277,607804.0,548000,17.8
3,2048,warm,False,547593,0.093955,637389.0,590000,17.8
4,2048,warm,False,504042,0.127143,680103.0,530000,17.8
5,2048,warm,False,828755,0.11583399999999999,890159.0,838000,26.500000000000004
6,2048,warm,False,631946,0.110398,702948.0,643000,20.7
7,2048,warm,False,604492,0.100755,660204.0,616000,20.7
8,2048,warm,False,547474,0.089878,593118.0,553000,17.8
9,2048,warm,False,484787,0.138954,564574.0,490000,14.9
10,2048,warm,False,453980,0.12623900000000002,688551.0,459000,14.9
11,2048,warm,False,457296,0.060952,505236.0,464000,14.9
12,2048,warm,False,456606,0.10459,509489.0,463000,14.9
13,2048,warm,False,520927,0.124625,694788.0,585000,17.8
14,2048,warm,False,554281,0.10779000000000001,660861.0,616000,20.7
15,2048,warm,False,709876,0.11253699999999998,766974.0,718000,23.6
16,2048,warm,False,537616,0.100378,722409.0,544000,17.8
17,2048,warm,False,567030,0.13608399999999998,643949.0,601000,20.7
18,2048,warm,False,590123,0.09815499999999999,651325.0,599000,17.8
19,2048,warm,False,517343,0.09199,587014.0,524000,17.8
20,2048,warm,False,631828,0.086508,686710.0,639000,20.7
21,2048,warm,False,601948,0.082493,701278.0,624000,20.7
22,2048,warm,False,527004,0.11395,578965.0,533000,17.8
23,2048,warm,False,533912,0.086707,586730.0,539000,17.8
24,2048,warm,False,546092,0.08444700000000001,603308.0,553000,17.8
25,2048,warm,False,491004,0.082303,547582.0,497000,14.9
26,2048,warm,False,465223,0.085428,518410.0,470000,14.9
27,2048,warm,False,484849,0.070931,536829.0,490000,14.9
28,2048,warm,False,608850,0.136561,659834.0,614000,20.7
29,2048,warm,False,476579,0.085281,693398.0,484000,14.9
30,2048,warm,False,505399,0.14593599999999998,573786.0,511000,17.8
31,2048,warm,False,501037,0.077162,559187.0,508000,17.8
32,2048,warm,False,509418,0.10831800000000001,695801.0,518000,17.8
33,2048,warm,False,504930,0.089463,621995.0,571000,17.8
34,2048,warm,False,513989,0.094197,653657.0,603000,20.7
35,2048,warm,False,574252,0.08977,721600.0,580000,17.8
36,2048,warm,False,517631,0.090034,572337.0,525000,17.8
37,2048,warm,False,474675,0.088279,555637.0,509000,17.8
38,2048,warm,False,568870,0.067993,687926.0,641000,20.7
39,2048,warm,False,515535,0.079016,569203.0,523000,17.8
40,2048,warm,False,527986,0.15254700000000002,595207.0,536000,17.8
41,2048,warm,False,482063,0.12223599999999998,694962.0,496000,14.9
42,2048,warm,False,458771,0.07349299999999999,521562.0,476000,14.9
43,2048,warm,False,543178,0.097205,601461.0,552000,17.8
44,2048,warm,False,473332,0.06166,526360.0,481000,14.9
45,2048,warm,False,500706,0.143308,558364.0,510000,17.8
46,2048,warm,False,503636,0.088994,558637.0,512000,17.8
47,2048,warm,False,492960,0.069149,546162.0,499000,14.9
48,2048,warm,False,492285,0.091652,706706.0,498000,14.9
49,2048,warm,False,523178,0.09246,588054.0,532000,17.8
50,2048,warm,False,522099,0.14391700000000002,674051.0,621000,20.7
51,2048,warm,False,525772,0.078687,585077.0,533000,17.8
52,2048,warm,False,525211,0.107716,579172.0,533000,17.8
53,2048,warm,False,485689,0.103797,585674.0,535000,17.8
54,2048,warm,False,526739,0.152246,590629.0,535000,17.8
55,2048,warm,False,525356,0.14819100000000002,585339.0,537000,17.8
56,2048,warm,False,568767,0.080576,619917.0,575000,17.8
57,2048,warm,False,535234,0.134188,589916.0,544000,17.8
58,2048,warm,False,548769,0.093287,613910.0,566000,17.8
59,2048,warm,False,520741,0.062474,716120.0,548000,17.8
60,2048,warm,False,586696,0.111225,643244.0,593000,17.8
61,2048,warm,False,512076,0.12134600000000001,697710.0,517000,17.8
62,2048,warm,False,604381,0.10539100000000001,736294.0,689000,20.7
63,2048,warm,False,507194,0.08880199999999999,561717.0,515000,17.8
64,2048,warm,False,518857,0.11269000000000001,573731.0,524000,17.8
65,2048,warm,False,515888,0.141265,574660.0,522000,17.8
66,2048,warm,False,489018,0.142786,561800.0,496000,14.9
67,2048,warm,False,478290,0.094467,553061.0,484000,14.9
68,2048,warm,False,457415,0.09879500000000001,528281.0,464000,14.9
69,2048,warm,False,469886,0.071323,527776.0,476000,14.9
70,2048,warm,False,455040,0.112121,700501.0,465000,14.9
71,2048,warm,False,529461,0.110036,681516.0,619000,20.7
72,2048,warm,False,546235,0.145233,642713.0,593000,17.8
73,2048,warm,False,554571,0.092336,611093.0,562000,17.8
74,2048,warm,False,532938,0.094351,589443.0,542000,17.8
75,2048,warm,False,493014,0.11706400000000002,702616.0,500000,14.9
76,2048,warm,False,503109,0.11956300000000002,563029.0,514000,17.8
77,2048,warm,False,495865,0.147173,557589.0,504000,17.8
78,2048,warm,False,498869,0.11632999999999999,697148.0,505000,17.8
79,2048,warm,False,603960,0.078162,672111.0,614000,20.7
80,2048,warm,False,478739,0.081387,529886.0,487000,14.9
81,2048,warm,False,493153,0.13331800000000002,570305.0,499000,14.9
82,2048,warm,False,783992,0.092136,834759.0,790000,23.6
83,2048,warm,False,455887,0.111265,693697.0,461000,14.9
84,2048,warm,False,523549,0.095777,576642.0,530000,17.8
85,2048,warm,False,470310,0.145886,612147.0,566000,17.8
86,2048,warm,False,525069,0.143713,583864.0,534000,17.8
87,2048,warm,False,476843,0.11325,689973.0,483000,14.9
88,2048,warm,False,517985,0.097828,570983.0,523000,17.8
89,2048,warm,False,534934,0.147673,591807.0,541000,17.8
90,2048,warm,False,483888,0.089925,607981.0,565000,17.8
91,2048,warm,False,512637,0.055376999999999996,569054.0,522000,17.8
92,2048,warm,False,572975,0.094298,708938.0,659000,20.7
93,2048,warm,False,470440,0.090816,619208.0,571000,17.8
94,2048,warm,False,446048,0.104369,681306.0,451000,14.9
95,2048,warm,False,460700,0.072046,513277.0,466000,14.9
96,2048,warm,False,472654,0.14127699999999999,560406.0,509000,17.8
97,2048,warm,False,526253,0.10342799999999999,673531.0,623000,20.7
98,2048,warm,False,490037,0.12163099999999999,638211.0,580000,17.8
99,2048,warm,False,515608,0.100997,684408.0,610000,20.7
100,2048,warm,False,518952,0.07914500000000001,667663.0,615000,20.7
101,2048,warm,False,499779,0.088426,554664.0,506000,17.8
102,2048,warm,False,479851,0.062624,718983.0,552000,17.8
103,2048,warm,False,484609,0.085288,605218.0,561000,17.8
104,2048,warm,False,498493,0.060876,557168.0,506000,17.8
105,2048,warm,False,498435,0.075035,649901.0,602000,20.7
106,2048,warm,False,530857,0.136348,589172.0,540000,17.8
107,2048,warm,False,653558,0.097648,780318.0,729000,23.6
108,2048,warm,False,621207,0.103326,672523.0,629000,20.7
109,2048,warm,False,641305,0.14593299999999998,716651.0,650000,20.7
110,2048,warm,False,596417,0.11205799999999999,706851.0,605000,20.7
111,2048,warm,False,589343,0.081616,652216.0,597000,17.8
112,2048,warm,False,488219,0.107352,691690.0,514000,17.8
113,2048,warm,False,557500,0.089635,611928.0,565000,17.8
114,2048,warm,False,538967,0.147898,603697.0,546000,17.8
115,2048,warm,False,512967,0.09813200000000001,567261.0,519000,17.8
116,2048,warm,False,488470,0.066336,634718.0,587000,17.8
117,2048,warm,False,575094,0.10603599999999999,703746.0,653000,20.7
118,2048,warm,False,607054,0.07536,663019.0,614000,20.7
119,2048,warm,False,998654,0.079947,1060264.0,1007000,32.300000000000004
120,2048,warm,False,607723,0.132579,662069.0,615000,20.7
121,2048,warm,False,845615,0.056299,900103.0,857000,26.500000000000004
122,2048,warm,False,511217,0.062889,645091.0,600000,17.8
123,2048,warm,False,515652,0.11586700000000001,696453.0,584000,17.8
124,2048,warm,False,541540,0.061003999999999996,638488.0,583000,17.8
125,2048,warm,False,612795,0.114032,670640.0,620000,20.7
126,2048,warm,False,594336,0.09832300000000001,724878.0,605000,20.7
127,2048,warm,False,648437,0.072359,703947.0,659000,20.7
128,2048,warm,False,565381,0.086155,620744.0,573000,17.8
129,2048,warm,False,593973,0.11359100000000001,650025.0,601000,20.7
130,2048,warm,False,611245,0.075172,687985.0,636000,20.7
131,2048,warm,False,642355,0.11246400000000001,703522.0,648000,20.7
132,2048,warm,False,495949,0.083957,579717.0,525000,17.8
133,2048,warm,False,468039,0.130906,691607.0,560000,17.8
134,2048,warm,False,465213,0.12471900000000001,579796.0,470000,14.9
135,2048,warm,False,481696,0.08721,529073.0,488000,14.9
136,2048,warm,False,488880,0.067368,543835.0,497000,14.9
137,2048,warm,False,463926,0.067213,517144.0,471000,14.9
138,2048,warm,False,519385,0.085478,705521.0,574000,17.8
139,2048,warm,False,476958,0.08441900000000001,531703.0,485000,14.9
140,2048,warm,False,472718,0.095188,597532.0,546000,17.8
141,2048,warm,False,519961,0.071039,570943.0,526000,17.8
142,2048,warm,False,529455,0.077775,581776.0,535000,17.8
143,2048,warm,False,505030,0.158082,561726.0,511000,17.8
144,2048,warm,False,522363,0.0719,722419.0,527000,17.8
145,2048,warm,False,522842,0.094414,581810.0,530000,17.8
146,2048,warm,False,494421,0.095064,546216.0,500000,14.9
147,2048,warm,False,513976,0.13265,569879.0,522000,17.8
148,2048,warm,False,544603,0.08277000000000001,594786.0,551000,17.8
149,2048,warm,False,513818,0.087637,659470.0,614000,20.7
150,2048,warm,False,505401,0.116237,693003.0,513000,17.8
151,2048,warm,False,514269,0.09904199999999999,575178.0,521000,17.8
152,2048,warm,False,537859,0.09559400000000001,591346.0,545000,17.8
153,2048,warm,False,492684,0.080198,633937.0,575000,17.8
154,2048,warm,False,495676,0.056074,635509.0,584000,17.8
155,2048,warm,False,492624,0.089778,720955.0,499000,14.9
156,2048,warm,False,499683,0.10903800000000001,560624.0,509000,17.8
157,2048,warm,False,497098,0.11455,602809.0,503000,17.8
158,2048,warm,False,533463,0.121206,685999.0,542000,17.8
159,2048,warm,False,569290,0.08897999999999999,625160.0,583000,17.8
160,2048,warm,False,507709,0.11626700000000001,565102.0,515000,17.8
161,2048,warm,False,589315,0.145912,669721.0,600000,17.8
162,2048,warm,False,637991,0.08046299999999999,688534.0,645000,20.7
163,2048,warm,False,551090,0.096911,709923.0,559000,17.8
164,2048,warm,False,504397,0.088782,563583.0,510000,17.8
165,2048,warm,False,505639,0.10568599999999999,704822.0,519000,17.8
166,2048,warm,False,492605,0.087994,547214.0,501000,17.8
167,2048,warm,False,549630,0.086015,604929.0,557000,17.8
168,2048,warm,False,533192,0.14535,676213.0,629000,20.7
169,2048,warm,False,572172,0.147575,631330.0,579000,17.8
170,2048,warm,False,482326,0.073905,535482.0,488000,14.9
171,2048,warm,False,507307,0.11841900000000001,697724.0,520000,17.8
172,2048,warm,False,485170,0.08319299999999999,542920.0,491000,14.9
173,2048,warm,False,471184,0.096731,530885.0,480000,14.9
174,2048,warm,False,468758,0.070228,519079.0,476000,14.9
175,2048,warm,False,467658,0.07850599999999999,522263.0,473000,14.9
176,2048,warm,False,491312,0.0875,541808.0,497000,14.9
177,2048,warm,False,453406,0.11195899999999999,689012.0,458000,14.9
178,2048,warm,False,556109,0.135822,683300.0,621000,20.7
179,2048,warm,False,537980,0.091274,596138.0,545000,17.8
180,2048,warm,False,552409,0.097423,688411.0,637000,20.7
181,2048,warm,False,527637,0.10893199999999999,697929.0,533000,17.8
182,2048,warm,False,506583,0.102342,569424.0,514000,17.8
183,2048,warm,False,494445,0.106776,615859.0,563000,17.8
184,2048,warm,False,505890,0.12403,581062.0,512000,17.8
185,2048,warm,False,530439,0.12122999999999999,589577.0,543000,17.8
186,2048,warm,False,546110,0.080049,594518.0,552000,17.8
187,2048,warm,False,523435,0.096338,718377.0,530000,17.8
188,2048,warm,False,583510,0.065139,676473.0,591000,17.8
189,2048,warm,False,556581,0.078062,670599.0,617000,20.7
190,2048,warm,False,526695,0.131919,585392.0,536000,17.8
191,2048,warm,False,492790,0.059811,553322.0,498000,14.9
192,2048,warm,False,502216,0.053791,556280.0,510000,17.8
193,2048,warm,False,499437,0.077797,552537.0,507000,17.8
194,2048,warm,False,524595,0.156389,589545.0,531000,17.8
195,2048,warm,False,506036,0.092942,717032.0,511000,17.8
196,2048,warm,False,518287,0.10788299999999999,573078.0,526000,17.8
197,2048,warm,False,559162,0.153402,706958.0,651000,20.7
198,2048,warm,False,528149,0.082631,588898.0,534000,17.8
199,2048,warm,False,605522,0.10948499999999999,666298.0,613000,20.7
