memory,type,is_cold,exec_time,connection_time,client_time,provider_time
512,warm,False,933675,0.096302,1117533,976
512,warm,False,860943,0.092053,1068821,867
512,warm,False,898667,0.090464,1051205,905
512,warm,False,889779,0.09114,1131475,991
512,warm,False,925013,0.108173,1085060,931
512,warm,False,934979,0.102407,1119053,966
512,warm,False,875953,0.117731,1135388,881
512,warm,False,886980,0.080664,1096601,960
512,warm,False,987639,0.08395,1122405,995
512,warm,False,868979,0.081327,999774,875
512,warm,False,894594,0.084961,1033346,900
512,warm,False,753274,0.089791,1100373,768
512,warm,False,932194,0.078788,1060578,938
512,warm,False,840130,0.092881,989062,847
512,warm,False,893792,0.081152,1119809,994
512,warm,False,885783,0.096904,1097228,957
512,warm,False,924492,0.064709,1064940,950
512,warm,False,980739,0.084383,1117170,987
512,warm,False,848431,0.07085,1001082,865
512,warm,False,1015922,0.116535,1192176,1022
512,warm,False,1112167,0.06498,1274758,1167
512,warm,False,874109,0.069335,1095866,885
512,warm,False,962707,0.093025,1112433,973
512,warm,False,862369,0.071307,1033599,868
512,warm,False,892630,0.08767,1093851,962
512,warm,False,899757,0.107744,1145966,979
512,warm,False,913271,0.102651,1071514,918
512,warm,False,971301,0.084125,1157711,1026
512,warm,False,832377,0.085346,1058396,839
512,warm,False,923630,0.074962,1086495,967
512,warm,False,1011357,0.085106,1152234,1018
512,warm,False,977667,0.11103,1137080,983
512,warm,False,1136894,0.066367,1253263,1144
512,warm,False,1064232,0.081201,1198882,1071
512,warm,False,1025541,0.092223,1178758,1032
512,warm,False,947921,0.119586,1117938,955
512,warm,False,961707,0.060461,1072681,967
512,warm,False,889218,0.076858,1097803,898
512,warm,False,912022,0.093942,1065456,919
512,warm,False,903276,0.078093,1043146,910
512,warm,False,964384,0.108808,1133499,973
512,warm,False,826226,0.085428,1109460,896
512,warm,False,974509,0.113436,1142894,981
512,warm,False,821844,0.07653,949739,828
512,warm,False,873398,0.090375,1041533,911
512,warm,False,904842,0.082379,1038166,910
512,warm,False,919903,0.096785,1105240,954
512,warm,False,925514,0.086741,1062331,934
512,warm,False,891492,0.09984,1044377,897
512,warm,False,950284,0.093447,1094823,957
512,warm,False,874583,0.087831,1042436,910
512,warm,False,899584,0.092548,1040887,906
512,warm,False,899693,0.09352,1116546,958
512,warm,False,891659,0.095931,1057931,918
512,warm,False,937187,0.119313,1104919,944
512,warm,False,874513,0.051669,981949,882
512,warm,False,914688,0.068547,1033589,922
512,warm,False,912257,0.099734,1064892,919
512,warm,False,828085,0.076445,992883,872
512,warm,False,926025,0.085771,1069364,932
512,warm,False,992406,0.065457,1107070,998
512,warm,False,944633,0.094646,1102322,964
512,warm,False,932936,0.072096,1064315,941
512,warm,False,926568,0.106257,1087619,933
512,warm,False,1014254,0.113539,1248182,1082
512,warm,False,1036199,0.09508,1221995,1073
512,warm,False,903322,0.084653,1041304,910
512,warm,False,981287,0.114915,1154086,989
512,warm,False,985501,0.073169,1119566,993
512,warm,False,1025696,0.09152,1172032,1031
512,warm,False,942509,0.085377,1076961,950
512,warm,False,934019,0.081814,1070202,942
512,warm,False,901072,0.090554,1045361,908
512,warm,False,925032,0.093469,1076767,931
512,warm,False,903365,0.088748,1106928,969
512,warm,False,963434,0.109031,1127525,970
512,warm,False,913656,0.089322,1053982,920
512,warm,False,1042478,0.108474,1201551,1048
512,warm,False,959443,0.086452,1098512,966
512,warm,False,840070,0.076803,1089984,848
512,warm,False,1027295,0.081437,1181863,1044
512,warm,False,1038494,0.082725,1176601,1049
512,warm,False,878714,0.112157,1111159,931
512,warm,False,1054300,0.100687,1206231,1060
512,warm,False,936795,0.063575,1054460,943
512,warm,False,913427,0.065341,1121287,1012
512,warm,False,928531,0.112341,1095223,934
512,warm,False,951686,0.100528,1104085,957
512,warm,False,973849,0.099279,1125300,980
512,warm,False,893174,0.087517,1076594,900
512,warm,False,880834,0.088365,1113992,980
512,warm,False,973855,0.054426,1079610,982
512,warm,False,936915,0.098937,1085413,943
512,warm,False,922253,0.093598,1124673,927
512,warm,False,999810,0.0795,1129739,1006
512,warm,False,1030959,0.057193,1140667,1037
512,warm,False,951103,0.092125,1098226,957
512,warm,False,919762,0.095348,1120086,974
512,warm,False,899679,0.088346,1084083,909
512,warm,False,866631,0.096602,1015218,874
512,warm,False,879810,0.089657,1106429,967
512,warm,False,879755,0.099585,1031380,888
512,warm,False,987039,0.073173,1106950,993
512,warm,False,932221,0.070067,1067427,938
512,warm,False,1056709,0.05054,1165916,1064
512,warm,False,1052535,0.093523,1299328,1060
512,warm,False,966153,0.083186,1098538,974
512,warm,False,911535,0.073154,1036524,918
512,warm,False,907396,0.094754,1090756,944
512,warm,False,914280,0.099351,1069088,922
512,warm,False,887367,0.103955,1142640,989
512,warm,False,905285,0.08488,1043113,911
512,warm,False,1048968,0.065956,1166061,1055
512,warm,False,1074672,0.105296,1231602,1081
512,warm,False,1101713,0.096865,1352098,1208
512,warm,False,987669,0.113377,1148250,994
512,warm,False,1008298,0.079119,1139938,1014
512,warm,False,983162,0.06453,1105130,991
512,warm,False,1075866,0.117633,1302335,1143
512,warm,False,956990,0.120052,1167219,997
512,warm,False,973582,0.07202,1158520,1039
512,warm,False,933936,0.065839,1069681,954
512,warm,False,867424,0.070109,990793,875
512,warm,False,925225,0.076251,1144099,1024
512,warm,False,1124699,0.073337,1247767,1131
512,warm,False,1051867,0.069498,1178060,1064
512,warm,False,1053459,0.084845,1191591,1060
512,warm,False,968081,0.118945,1236172,973
512,warm,False,832010,0.094968,1071992,840
512,warm,False,797201,0.082799,1088036,851
512,warm,False,868018,0.086096,1016669,885
512,warm,False,882937,0.075656,1014272,889
512,warm,False,953342,0.110672,1114246,958
512,warm,False,841080,0.10887,1003788,848
512,warm,False,991465,0.065252,1107091,998
512,warm,False,972020,0.083448,1105056,979
512,warm,False,925273,0.089841,1072866,931
512,warm,False,981061,0.096633,1141773,987
512,warm,False,903713,0.101187,1054397,911
512,warm,False,940922,0.099602,1106842,949
512,warm,False,878011,0.096641,1055871,910
512,warm,False,916999,0.117006,1092888,924
512,warm,False,950555,0.069407,1073921,958
512,warm,False,1021054,0.092302,1172658,1031
512,warm,False,818296,0.069338,1068317,830
512,warm,False,963216,0.12087,1143049,972
512,warm,False,899649,0.082894,1032335,904
512,warm,False,941514,0.110352,1120363,949
512,warm,False,1517574,0.064109,1635811,1524
512,warm,False,932163,0.100194,1084674,939
512,warm,False,909522,0.094733,1055295,915
512,warm,False,867172,0.098082,1010380,873
512,warm,False,935446,0.092319,1167126,942
512,warm,False,941462,0.082635,1117776,947
512,warm,False,909877,0.061852,1065659,943
512,warm,False,1027006,0.068345,1155182,1034
512,warm,False,977802,0.101755,1132813,983
512,warm,False,927892,0.081656,1065859,934
512,warm,False,971329,0.074594,1106786,979
512,warm,False,862841,0.074173,992730,868
512,warm,False,1013469,0.070374,1203797,1071
512,warm,False,853716,0.069725,983161,861
512,warm,False,900081,0.06576,1026510,912
512,warm,False,961961,0.082944,1173842,969
512,warm,False,908721,0.087976,1115409,915
512,warm,False,933260,0.080932,1071630,941
512,warm,False,1011549,0.078561,1211477,1017
512,warm,False,859814,0.083163,1006725,875
512,warm,False,938212,0.096381,1083869,943
512,warm,False,950137,0.112164,1119152,956
512,warm,False,948157,0.056012,1055260,954
512,warm,False,1011806,0.0911,1153469,1017
512,warm,False,953789,0.115821,1128035,960
512,warm,False,885765,0.088768,1071078,892
512,warm,False,960331,0.10266,1115185,967
512,warm,False,906403,0.098628,1091834,915
512,warm,False,985138,0.073981,1113124,991
512,warm,False,958471,0.082902,1103656,965
512,warm,False,1014865,0.094377,1162911,1023
512,warm,False,901446,0.086013,1034446,906
512,warm,False,927496,0.102047,1078970,933
512,warm,False,933146,0.073616,1054239,939
512,warm,False,977316,0.088016,1122528,986
512,warm,False,922129,0.112401,1085298,927
512,warm,False,871069,0.106115,1084568,877
512,warm,False,969672,0.07265,1168191,1054
512,warm,False,932571,0.117529,1105042,939
512,warm,False,1050508,0.063515,1169836,1059
512,warm,False,928152,0.095372,1084989,941
512,warm,False,935360,0.074393,1064706,941
512,warm,False,911811,0.089107,1054557,918
512,warm,False,912816,0.088869,1054600,920
512,warm,False,936551,0.074233,1067859,944
512,warm,False,926632,0.075025,1056160,935
512,warm,False,965579,0.117184,1138649,973
512,warm,False,887168,0.085781,1021748,891
512,warm,False,869929,0.102446,1024503,877
512,warm,False,891224,0.086808,1072439,897
512,warm,False,969308,0.112164,1139467,978
512,warm,False,872244,0.068676,991335,880
512,warm,False,1019444,0.069189,1136626,1027
512,warm,False,936926,0.084264,1142638,1013
512,warm,False,992098,0.072876,1193658,1077
512,warm,False,849992,0.098099,1077082,860
512,warm,False,1003270,0.087902,1146168,1010
512,warm,False,927140,0.092645,1075929,934
512,warm,False,863144,0.10209,1093169,871
512,warm,False,1011159,0.114142,1186015,1019
512,warm,False,878704,0.071646,1000834,884
512,warm,False,923663,0.099704,1085383,929
512,warm,False,882246,0.076029,1036565,891
512,warm,False,1127138,0.075804,1257067,1132
512,warm,False,810863,0.096143,1107227,873
512,warm,False,1063061,0.109028,1263565,1097
512,warm,False,866759,0.085106,1001923,873
512,warm,False,846018,0.06653,1062394,854
512,warm,False,896923,0.082002,1031033,904
512,warm,False,967853,0.072758,1092209,975
512,warm,False,947446,0.080587,1082574,954
512,warm,False,876669,0.10097,1055796,908
512,warm,False,909413,0.091074,1047758,916
512,warm,False,896481,0.079364,1068012,903
512,warm,False,962456,0.063545,1078712,968
512,warm,False,1005674,0.082938,1142581,1012
512,warm,False,900273,0.070828,1022118,908
512,warm,False,874562,0.090128,1012883,880
512,warm,False,819426,0.090213,1096963,829
512,warm,False,933229,0.098156,1164253,1027
512,warm,False,985197,0.111742,1157223,992
512,warm,False,1030775,0.11057,1201501,1044
512,warm,False,948943,0.081987,1084316,955
512,warm,False,927298,0.080818,1069483,942
512,warm,False,917410,0.10527,1074200,924
512,warm,False,954970,0.087562,1118899,964
512,warm,False,876439,0.056992,989023,884
512,warm,False,1001732,0.094421,1188295,1010
512,warm,False,1166320,0.093717,1327880,1177
512,warm,False,898032,0.074164,1049798,932
512,warm,False,937156,0.074862,1063297,943
512,warm,False,1098287,0.080442,1236009,1104
512,warm,False,965591,0.084864,1099088,971
512,warm,False,843808,0.086574,1073923,853
512,warm,False,913504,0.080982,1097494,920
512,warm,False,831532,0.087774,970007,838
512,warm,False,960345,0.111847,1163033,970
512,warm,False,944359,0.097539,1091541,951
512,warm,False,902172,0.094365,1106527,923
256,warm,False,1400428,0.053983,1574406,1481
256,warm,False,1295992,0.086224,1488156,1351
256,warm,False,1418663,0.075043,1539060,1425
256,warm,False,1463134,0.069796,1579255,1468
256,warm,False,1280390,0.09105,1518778,1378
256,warm,False,1361561,0.079377,1489637,1367
256,warm,False,1499192,0.102046,1653681,1505
256,warm,False,1344491,0.097394,1492811,1353
256,warm,False,1475157,0.095417,1687301,1543
256,warm,False,1311243,0.07056,1426988,1317
256,warm,False,1512044,0.093533,1657236,1518
256,warm,False,1408293,0.085898,1544132,1414
256,warm,False,1486226,0.08387,1622922,1492
256,warm,False,1372734,0.120159,1639217,1473
256,warm,False,1418558,0.079856,1560072,1427
256,warm,False,1423650,0.103322,1580761,1429
256,warm,False,1255528,0.077619,1485694,1262
256,warm,False,1124452,0.100203,1393970,1131
256,warm,False,1536102,0.079303,1680535,1547
256,warm,False,1332099,0.081943,1462413,1339
256,warm,False,1306436,0.088501,1445980,1312
256,warm,False,1395517,0.080979,1612040,1484
256,warm,False,1379453,0.11071,1540725,1386
256,warm,False,1293661,0.113421,1462558,1300
256,warm,False,1257877,0.080803,1407577,1279
256,warm,False,1432547,0.092135,1577546,1440
256,warm,False,1398238,0.092102,1540935,1407
256,warm,False,1382069,0.094929,1598533,1458
256,warm,False,1416949,0.108241,1576233,1424
256,warm,False,1299413,0.075076,1487526,1308
256,warm,False,1396382,0.086592,1535098,1404
256,warm,False,1352275,0.070161,1534352,1422
256,warm,False,1408836,0.098781,1562162,1420
256,warm,False,1401071,0.071316,1523174,1406
256,warm,False,1307312,0.103877,1568309,1315
256,warm,False,1313682,0.091956,1553271,1411
256,warm,False,1322405,0.084267,1458806,1329
256,warm,False,1390594,0.088818,1531855,1399
256,warm,False,1282810,0.082703,1428872,1289
256,warm,False,1310135,0.081376,1446629,1320
256,warm,False,1386682,0.090286,1532595,1397
256,warm,False,1329870,0.103074,1488565,1336
256,warm,False,1371784,0.104171,1531854,1377
256,warm,False,1368533,0.098071,1522268,1375
256,warm,False,1562207,0.092608,1707228,1567
256,warm,False,1326743,0.083426,1463639,1334
256,warm,False,1399331,0.079049,1566965,1406
256,warm,False,1450344,0.099711,1597997,1456
256,warm,False,1325269,0.088357,1547154,1331
256,warm,False,1369500,0.079012,1571203,1444
256,warm,False,1411472,0.102333,1562421,1417
256,warm,False,1308641,0.124594,1490042,1315
256,warm,False,1386214,0.08758,1528686,1392
256,warm,False,1434695,0.098207,1624546,1477
256,warm,False,1180832,0.064923,1384490,1274
256,warm,False,1497575,0.10342,1662291,1508
256,warm,False,1427310,0.099155,1587571,1437
256,warm,False,1542487,0.06442,1670592,1550
256,warm,False,1287233,0.084036,1422253,1293
256,warm,False,1232225,0.126792,1412594,1238
256,warm,False,1260223,0.095586,1486587,1266
256,warm,False,1303224,0.0679,1425045,1309
256,warm,False,1356031,0.104601,1518937,1363
256,warm,False,1410990,0.071868,1540624,1416
256,warm,False,1362647,0.087475,1507518,1375
256,warm,False,1365901,0.109172,1531122,1373
256,warm,False,1540635,0.085027,1683257,1550
256,warm,False,1270232,0.125672,1450295,1276
256,warm,False,1417797,0.09632,1589363,1449
256,warm,False,1024417,0.088376,1189588,1030
256,warm,False,1440022,0.080622,1570687,1447
256,warm,False,1291622,0.096325,1445376,1299
256,warm,False,1308967,0.091884,1489420,1324
256,warm,False,1493929,0.121592,1678022,1504
256,warm,False,1425992,0.084105,1566713,1433
256,warm,False,1572619,0.074636,1707908,1580
256,warm,False,1471925,0.101299,1627165,1481
256,warm,False,1378643,0.097578,1626660,1481
256,warm,False,1241302,0.050777,1341607,1250
256,warm,False,1243512,0.097287,1396318,1252
256,warm,False,1465965,0.099395,1710079,1475
256,warm,False,1361253,0.113933,1535853,1369
256,warm,False,1439580,0.092774,1638539,1449
256,warm,False,1274269,0.057321,1384839,1284
256,warm,False,1476030,0.082928,1661637,1532
256,warm,False,1417255,0.085974,1556955,1423
256,warm,False,1280990,0.111048,1530418,1372
256,warm,False,1374030,0.122035,1549700,1383
256,warm,False,1501768,0.055858,1618175,1510
256,warm,False,1335995,0.093949,1556182,1402
256,warm,False,1520917,0.072012,1652490,1528
256,warm,False,1383795,0.107899,1579175,1391
256,warm,False,1190757,0.097652,1383718,1197
256,warm,False,1401563,0.097848,1548173,1408
256,warm,False,1481811,0.091771,1631453,1496
256,warm,False,1165151,0.100342,1392060,1174
256,warm,False,1226261,0.072381,1396996,1232
256,warm,False,1229170,0.113096,1395624,1235
256,warm,False,1362579,0.061569,1475673,1368
256,warm,False,1274197,0.089093,1416501,1280
256,warm,False,1184621,0.119576,1393768,1191
256,warm,False,1328829,0.086171,1476190,1335
256,warm,False,1290636,0.10256,1464494,1297
256,warm,False,1302879,0.111693,1469494,1310
256,warm,False,1439795,0.078612,1572933,1447
256,warm,False,1331630,0.089072,1474426,1338
256,warm,False,1371303,0.091421,1522331,1378
256,warm,False,1409823,0.105177,1594278,1446
256,warm,False,1287498,0.099523,1435432,1295
256,warm,False,1517911,0.097113,1671974,1525
256,warm,False,1449483,0.087032,1641358,1458
256,warm,False,1339067,0.10695,1547061,1395
256,warm,False,1381474,0.095236,1596744,1452
256,warm,False,1162511,0.08953,1425655,1169
256,warm,False,1294219,0.060891,1494511,1380
256,warm,False,1644089,0.117189,1827516,1668
256,warm,False,1495030,0.095722,1650574,1503
256,warm,False,1440830,0.069402,1657663,1538
256,warm,False,1366251,0.081988,1499727,1372
256,warm,False,1381961,0.058309,1493136,1389
256,warm,False,1404150,0.097641,1550426,1409
256,warm,False,1330869,0.081193,1549987,1424
256,warm,False,1183507,0.065687,1346854,1190
256,warm,False,1236946,0.082756,1424019,1243
256,warm,False,1450339,0.104108,1609451,1454
256,warm,False,1310085,0.125459,1485525,1315
256,warm,False,1302015,0.082398,1496791,1369
256,warm,False,1376101,0.115496,1541871,1381
256,warm,False,1455255,0.084463,1592290,1463
256,warm,False,1546082,0.07141,1672396,1554
256,warm,False,1255363,0.063254,1379579,1264
256,warm,False,1261834,0.097644,1416264,1275
256,warm,False,1390526,0.069383,1513276,1400
256,warm,False,1348385,0.06854,1488884,1359
256,warm,False,1446770,0.066238,1563381,1455
256,warm,False,1333608,0.07555,1458719,1340
256,warm,False,1390952,0.074665,1529083,1398
256,warm,False,1424061,0.089398,1569170,1431
256,warm,False,1356387,0.087522,1503461,1364
256,warm,False,1482743,0.081439,1615304,1492
256,warm,False,1401699,0.078773,1530887,1408
256,warm,False,1314941,0.083956,1531484,1323
256,warm,False,1357963,0.077811,1483937,1364
256,warm,False,1521179,0.08081,1741125,1609
256,warm,False,1225174,0.057029,1335282,1231
256,warm,False,1391812,0.065944,1591926,1481
256,warm,False,1275524,0.101089,1532504,1378
256,warm,False,1330135,0.103076,1488693,1336
256,warm,False,1424605,0.091403,1569338,1433
256,warm,False,1309874,0.073461,1431745,1317
256,warm,False,1420528,0.093268,1567670,1426
256,warm,False,1451540,0.087998,1595533,1461
256,warm,False,1356563,0.081808,1496942,1363
256,warm,False,1456575,0.096389,1608213,1463
256,warm,False,1422444,0.110577,1617108,1454
256,warm,False,1231239,0.09462,1382734,1238
256,warm,False,1317866,0.081033,1494916,1327
256,warm,False,1312327,0.102316,1489666,1319
256,warm,False,1428425,0.076573,1556162,1436
256,warm,False,1200159,0.07835,1400527,1276
256,warm,False,1420099,0.092872,1562150,1424
256,warm,False,1268022,0.092453,1470678,1335
256,warm,False,1307546,0.086733,1461834,1322
256,warm,False,1378401,0.10734,1542627,1387
256,warm,False,1403727,0.067758,1525270,1410
256,warm,False,1308594,0.085212,1439102,1314
256,warm,False,1360378,0.089752,1504086,1366
256,warm,False,1279289,0.073131,1407693,1287
256,warm,False,1408708,0.096378,1559872,1414
256,warm,False,1187937,0.082851,1421402,1195
256,warm,False,1104883,0.088096,1244663,1111
256,warm,False,1322051,0.08006,1528702,1404
256,warm,False,1488609,0.124744,1666813,1497
256,warm,False,1461297,0.104072,1621589,1472
256,warm,False,1386083,0.094039,1542071,1398
256,warm,False,1301923,0.053334,1491561,1326
256,warm,False,1378925,0.066723,1503429,1395
256,warm,False,1345353,0.064346,1460694,1351
256,warm,False,1320756,0.069102,1435754,1327
256,warm,False,1433196,0.08468,1662417,1536
256,warm,False,1327995,0.073536,1447817,1334
256,warm,False,1369494,0.100339,1562177,1417
256,warm,False,1273044,0.098726,1523800,1376
256,warm,False,1336155,0.110028,1502159,1342
256,warm,False,1335482,0.093675,1552973,1413
256,warm,False,1356288,0.098398,1508503,1365
256,warm,False,1394880,0.078827,1575151,1445
256,warm,False,1218340,0.093179,1364378,1224
256,warm,False,1445128,0.078106,1578181,1451
256,warm,False,1360826,0.088068,1496131,1367
256,warm,False,1166877,0.064778,1287334,1173
256,warm,False,1322077,0.089433,1457406,1327
256,warm,False,1229756,0.064154,1388217,1235
256,warm,False,1419685,0.068764,1601346,1476
256,warm,False,1372144,0.067621,1486746,1379
256,warm,False,1430288,0.087908,1619318,1483
256,warm,False,1462943,0.104285,1620325,1471
256,warm,False,1386917,0.056854,1489380,1393
256,warm,False,1380395,0.078801,1509902,1389
256,warm,False,1401653,0.103291,1558196,1414
256,warm,False,1380220,0.079062,1520312,1386
256,warm,False,1221456,0.101568,1417325,1273
256,warm,False,1365604,0.08784,1503697,1372
256,warm,False,1281562,0.105076,1528788,1287
256,warm,False,1298910,0.077071,1478508,1356
256,warm,False,1432763,0.079664,1560865,1439
256,warm,False,1461548,0.114834,1662866,1467
256,warm,False,1241615,0.07802,1369832,1248
256,warm,False,1370516,0.077346,1502788,1376
256,warm,False,1322561,0.097798,1482118,1329
256,warm,False,1281829,0.100076,1490046,1289
256,warm,False,1363310,0.092569,1503967,1369
256,warm,False,1404590,0.089986,1548456,1414
256,warm,False,1371511,0.096913,1525171,1382
256,warm,False,1372327,0.078713,1550534,1428
256,warm,False,1440142,0.103148,1595855,1446
256,warm,False,1414118,0.099285,1566393,1421
256,warm,False,1252189,0.099478,1405492,1258
256,warm,False,1309463,0.084095,1455499,1317
256,warm,False,1290288,0.111949,1456193,1299
256,warm,False,1405145,0.099541,1624344,1480
256,warm,False,1429067,0.104288,1587917,1437
256,warm,False,1423138,0.073616,1547019,1431
128,cold,True,1701683,0.116002,4710912,1713
128,cold,True,1796778,0.093444,4752728,1810
128,cold,True,1876765,0.133976,4640717,1889
128,cold,True,1810311,0.108609,4493822,1822
128,cold,True,1740288,0.087174,4157384,1751
128,cold,True,1886380,0.12841,4790081,1897
128,cold,True,1829435,0.082334,4753270,1841
128,cold,True,1939201,0.144136,5342444,1953
128,cold,True,1705617,0.132763,4450928,1716
128,cold,True,1909905,0.125178,5979412,1925
128,cold,True,1867855,0.106147,5036036,1881
128,cold,True,1766454,0.110717,4682098,1779
128,cold,True,1759566,0.082036,4604776,1773
128,cold,True,1776347,0.101827,4793851,1789
128,cold,True,1664525,0.118037,4518746,1677
128,cold,True,1598462,0.304172,4339834,1610
128,cold,True,1918907,0.109816,4593513,1932
128,cold,True,1828701,0.103864,5669469,1840
128,cold,True,1728945,0.120548,4740342,1743
128,cold,True,1889660,0.117855,4590939,1900
128,cold,True,1826390,0.140162,5156601,1839
128,cold,True,1857213,0.11688,5868286,1873
128,cold,True,12895090,0.094307,13186742,12909
128,cold,True,1931338,0.13219,4959381,1942
128,cold,True,1768916,0.102418,5491741,1780
128,cold,True,1899422,0.073249,5871843,1916
128,cold,True,1908554,0.114766,5123627,1926
128,cold,True,1732011,0.094117,5287224,1744
128,cold,True,2013326,0.113982,5330006,2026
128,cold,True,1704300,0.135553,4796832,1719
128,cold,True,1685724,0.075961,4663246,1698
128,cold,True,1737541,0.114716,5008848,1749
128,cold,True,1695604,0.102238,5123894,1708
128,cold,True,1737607,0.070213,4148174,1749
128,cold,True,1755660,0.133437,5265107,1769
128,cold,True,1890848,0.112366,4793418,1903
128,cold,True,1798269,0.085091,4775099,1814
128,cold,True,1691618,0.130266,4737370,1704
128,cold,True,1703955,0.101129,5044294,1715
128,cold,True,1751496,0.133878,5109529,1766
128,cold,True,1790136,0.123282,5122366,1801
128,cold,True,1655810,0.148609,4756165,1667
128,cold,True,1883090,0.118222,4922125,1902
128,cold,True,1795347,0.087934,5371513,1809
128,cold,True,1830063,0.107805,5845597,1843
128,cold,True,1822285,0.132883,4611822,1837
128,cold,True,1760160,0.091916,5087164,1773
128,cold,True,1770863,0.121772,5678162,1783
128,cold,True,1808966,0.088963,4795552,1825
128,cold,True,1681127,0.094916,4843037,1694
128,cold,True,1613155,0.124015,5107750,1627
128,cold,True,2033680,0.127064,6732380,2058
128,cold,True,1793970,0.121893,4276539,1811
128,cold,True,1628244,0.089964,5121409,1639
128,cold,True,2327191,0.103237,5192178,2339
128,cold,True,1768325,0.131219,4787306,1779
128,cold,True,1752757,0.121969,4615244,1766
128,cold,True,1774810,0.101623,5362312,1786
128,cold,True,1803283,0.116944,5962801,1816
128,cold,True,1607582,0.089195,4085692,1625
128,cold,True,1689853,0.087181,5088999,1702
128,cold,True,1933411,0.121505,5217948,1947
128,cold,True,1675110,0.103104,3997502,1687
128,cold,True,1698876,0.096268,4212373,1713
128,cold,True,1589624,0.085893,4763482,1600
128,cold,True,1556439,0.119045,4460817,1568
128,cold,True,1798212,0.122453,4761019,1811
128,cold,True,1741270,0.096162,4862624,1753
128,cold,True,1782634,0.105283,4652327,1795
128,cold,True,1946239,0.112199,5511907,1961
128,cold,True,1812899,0.109131,5142933,1827
128,cold,True,1669488,0.116471,4661507,1681
128,cold,True,1770273,0.124064,5114287,1782
128,cold,True,1968330,0.097712,4810164,1980
128,cold,True,1789882,0.130309,4821160,1803
128,cold,True,1865762,0.118451,5260270,1878
128,cold,True,1751548,0.098119,4491009,1762
128,cold,True,1825750,0.0905,5150754,1841
128,cold,True,1706090,0.118012,5307275,1718
128,cold,True,2003699,0.100154,5289778,2017
128,cold,True,1583774,0.131809,4467759,1593
128,cold,True,1777230,0.122959,4483489,1790
128,cold,True,1719633,0.130513,4535303,1730
128,cold,True,1788893,0.098876,5860347,1804
128,cold,True,1742952,0.078422,4740377,1758
128,cold,True,1758531,0.126149,5656900,1770
128,cold,True,1854814,0.121839,5123354,1875
128,cold,True,1844173,0.134729,5009731,1859
128,cold,True,2492357,0.120272,5365750,2513
128,cold,True,1790598,0.098808,5629943,1803
128,cold,True,1722754,0.089228,4744632,1734
128,cold,True,11672004,0.123885,11881808,11713
128,cold,True,2361390,0.123724,4955699,2373
128,cold,True,1809020,0.132475,5765537,1821
128,cold,True,1771139,0.128348,5321030,1782
128,cold,True,1901915,0.100059,5011622,1915
128,cold,True,1915753,0.133294,6046151,1930
128,cold,True,1747709,0.088185,5270352,1762
128,cold,True,1800968,0.081512,4793486,1812
128,cold,True,1829041,0.139215,4825814,1842
128,cold,True,1813371,0.083199,4585138,1824
128,cold,True,1662728,0.119435,5250471,1678
128,cold,True,2376024,0.157235,4946187,2386
128,cold,True,1782113,0.123789,5792488,1796
128,cold,True,1789321,0.08013,4744678,1804
128,cold,True,1679834,0.09963,4915518,1691
128,cold,True,1815940,0.12434,4879170,1830
128,cold,True,1864922,0.097524,4786919,1878
128,cold,True,2421794,0.110255,5804613,2436
128,cold,True,1685530,0.087558,5179251,1697
128,cold,True,1818550,0.125475,5829745,1831
128,cold,True,12642001,0.072137,12839506,12719
128,cold,True,1735146,0.06625,5188622,1747
128,cold,True,1758050,0.124213,5805368,1770
128,cold,True,1873225,0.085741,4774412,1887
128,cold,True,1745638,0.130639,5254072,1756
128,cold,True,1681598,0.108475,5015606,1692
128,cold,True,1790892,0.113938,5042567,1805
128,cold,True,1885447,0.076318,4744751,1896
128,cold,True,1673162,0.109146,4369901,1684
128,cold,True,1818747,0.130487,5831763,1832
128,cold,True,2037714,0.097654,5430422,2054
128,cold,True,1494002,0.129385,4471463,1507
128,cold,True,1806959,0.077573,4832607,1819
128,cold,True,1912648,0.119014,4590095,1926
128,cold,True,1721853,0.11759,5084350,1733
128,cold,True,1806353,0.11277,5922782,1821
128,cold,True,1909990,0.089623,5216105,1926
128,cold,True,1886115,0.132785,6635287,1918
128,cold,True,1728678,0.129686,5090480,1743
128,cold,True,1745552,0.113928,5264715,1757
128,cold,True,1797230,0.12216,4693449,1809
128,cold,True,1651348,0.083399,5146890,1664
128,cold,True,1712276,0.13615,4815631,1724
128,cold,True,1786428,0.079858,5385536,1799
128,cold,True,1878691,0.118366,5186454,1890
128,cold,True,1603660,0.130351,4660772,1615
128,cold,True,1709472,0.084094,5175443,1722
128,cold,True,1788369,0.08957,5309314,1801
128,cold,True,1709614,0.104475,5057708,1720
128,cold,True,1872297,0.098612,4381059,1883
128,cold,True,1712378,0.090011,5359893,1725
128,cold,True,1695964,0.115815,5059614,1707
128,cold,True,1734263,0.103543,4831977,1747
128,cold,True,1716275,0.117728,4673744,1727
128,cold,True,1771651,0.150208,5683889,1786
128,cold,True,1882098,0.081898,4931557,1896
128,cold,True,1893707,0.117603,5951414,1908
128,cold,True,1835963,0.102377,3776542,1846
128,cold,True,1953713,0.124024,6085165,1968
128,cold,True,2148089,0.129909,5020960,2164
128,cold,True,1774427,0.130682,4720790,1786
128,cold,True,1695978,0.124358,5073833,1708
128,cold,True,1658743,0.086762,4156853,1670
128,cold,True,1887759,0.146671,5807067,1902
128,cold,True,2010478,0.082345,5395733,2029
128,cold,True,2105924,0.09453,4678425,2117
128,cold,True,1809507,0.110092,4787802,1822
128,cold,True,1729230,0.119338,5016414,1740
128,cold,True,1860410,0.074001,5379964,1876
128,cold,True,1828905,0.108295,5836293,1841
128,cold,True,1789905,0.125472,5908249,1807
128,cold,True,1752238,0.096345,4437038,1765
128,cold,True,1986213,0.085463,5177697,2002
128,cold,True,1784833,0.12076,4779079,1797
128,cold,True,1698017,0.118843,4624571,1709
128,cold,True,1808679,0.098918,4375393,1819
128,cold,True,1928207,0.109184,5251352,1943
128,cold,True,1756682,0.112109,4788879,1768
128,cold,True,1921627,0.12238,5191122,1933
128,cold,True,1840318,0.086713,5459556,1852
128,cold,True,1784590,0.124131,4669390,1798
128,cold,True,1762848,0.076926,5463545,1775
128,cold,True,1697732,0.06463,3928707,1708
128,cold,True,1900701,0.127311,5094964,1914
128,cold,True,1853474,0.121899,4948174,1869
128,cold,True,1806953,0.136759,5022828,1825
128,cold,True,1931430,0.096976,5881481,1946
128,cold,True,1633840,0.129616,4638701,1644
128,cold,True,1740067,0.101265,5069708,1752
128,cold,True,1810275,0.125034,4725256,1825
128,cold,True,1928666,0.107406,5293996,1942
128,cold,True,1682897,0.124114,5089351,1698
128,cold,True,1745209,0.121523,4789790,1758
128,cold,True,1699246,0.115275,5348262,1712
128,cold,True,1778779,0.077419,4983671,1792
128,cold,True,1701537,0.102217,4456563,1714
128,cold,True,1899509,0.067905,4855400,1914
128,cold,True,1777891,0.106751,4299235,1792
128,cold,True,1634043,0.106523,4269277,1645
128,cold,True,1782680,0.139096,4974715,1796
128,cold,True,1754473,0.101278,4480927,1764
128,cold,True,1952886,0.134471,6725683,1973
128,cold,True,1764455,0.062608,5335802,1777
128,cold,True,1803189,0.093266,5293733,1816
128,cold,True,1753279,0.104044,4591073,1769
128,cold,True,1798302,0.099534,4741080,1811
128,cold,True,1672993,0.127889,4390832,1683
128,cold,True,1794631,0.107748,4637507,1808
128,cold,True,1793722,0.104935,4322012,1805
2048,cold,True,1746667,0.141515,4827507,1760
2048,cold,True,1703359,0.169522,6206092,1717
2048,cold,True,1632484,0.065034,4247718,1644
2048,cold,True,1656506,0.151118,5112284,1669
2048,cold,True,1552556,0.106823,4143671,1563
2048,cold,True,1735218,0.108663,4740547,1748
2048,cold,True,1628195,0.075476,4436856,1639
2048,cold,True,1538952,0.087333,4669801,1551
2048,cold,True,1739853,0.117647,5419819,1755
2048,cold,True,1742717,0.109908,4651228,1754
2048,cold,True,1925993,0.103667,5996029,1938
2048,cold,True,1520647,0.106248,3880297,1534
2048,cold,True,1649290,0.084488,4466398,1660
2048,cold,True,1803115,0.119388,5985454,1817
2048,cold,True,1519174,0.066775,1789945,1526
2048,cold,True,1641103,0.085203,4717915,1651
2048,cold,True,1672511,0.104465,4401931,1685
2048,cold,True,2149986,0.113574,6142740,2164
2048,cold,True,1743352,0.100387,5756625,1755
2048,cold,True,1574679,0.092577,4645719,1585
2048,cold,True,1754121,0.071139,6084150,1766
2048,cold,True,2306099,0.17695,7896340,2329
2048,cold,True,1801496,0.088482,5334624,1812
2048,cold,True,1726269,0.176215,4770590,1738
2048,cold,True,1632521,0.169351,5347224,1645
2048,cold,True,1814368,0.076256,5255678,1829
2048,cold,True,1744879,0.155002,6198211,1759
2048,cold,True,1659322,0.070906,4618626,1671
2048,cold,True,1751600,0.100386,4766132,1765
2048,cold,True,1859880,0.09308,5531189,1873
2048,cold,True,1901456,0.100049,6207658,1918
2048,cold,True,1811597,0.071426,4859233,1825
2048,cold,True,1718231,0.17933,5064595,1729
2048,cold,True,1856142,0.122269,5528628,1871
2048,cold,True,1623796,0.122576,5529814,1636
2048,cold,True,1857222,0.117146,5530416,1869
2048,cold,True,1582671,0.094738,4542209,1592
2048,cold,True,1575535,0.17039,5093976,1586
2048,cold,True,2104661,0.077272,5501532,2118
2048,cold,True,1480808,0.082962,4128127,1492
2048,cold,True,1673883,0.078075,5058652,1696
2048,cold,True,1669871,0.100411,4552099,1681
2048,cold,True,1649879,0.068314,4653147,1662
2048,cold,True,1774707,0.091972,5489354,1787
2048,cold,True,1886412,0.091804,6029986,1904
2048,cold,True,1648074,0.089447,4362333,1658
2048,cold,True,1691849,0.098307,5021790,1704
2048,cold,True,1481033,0.078924,4113267,1490
2048,cold,True,2037014,0.186351,5902958,2052
2048,cold,True,1832208,0.172415,5872501,1845
2048,cold,True,1698738,0.076286,5117602,1711
2048,cold,True,1618469,0.079233,4976960,1629
2048,cold,True,1730484,0.103699,5260935,1744
2048,cold,True,1695149,0.102327,5451894,1707
2048,cold,True,1506302,0.094035,4097457,1518
2048,cold,True,1849838,0.156479,4963979,1863
2048,cold,True,1594193,0.101401,4710274,1605
2048,cold,True,1819124,0.080249,5722155,1833
2048,cold,True,1568365,0.094622,4899928,1581
2048,cold,True,1679284,0.176699,5997211,1691
2048,cold,True,1692270,0.16082,5319688,1707
2048,cold,True,1681092,0.117001,4655784,1692
2048,cold,True,1786081,0.101915,5796462,1799
2048,cold,True,1859489,0.097993,5782445,1871
2048,cold,True,1786065,0.09291,5537879,1802
2048,cold,True,1691073,0.096179,5230051,1704
2048,cold,True,1664655,0.117256,4850428,1679
2048,cold,True,1951656,0.093519,6139276,1965
2048,cold,True,1711504,0.167837,5135882,1723
2048,cold,True,1717950,0.179916,5793577,1729
2048,cold,True,1795555,0.101883,5279142,1806
2048,cold,True,1747625,0.100653,5100551,1760
2048,cold,True,1721095,0.096855,5325164,1734
2048,cold,True,1722315,0.102978,5728841,1735
2048,cold,True,1758132,0.119177,4654524,1770
2048,cold,True,1578741,0.082966,4169879,1592
2048,cold,True,1778719,0.075509,5277437,1791
2048,cold,True,1605614,0.105763,4703937,1617
2048,cold,True,1699024,0.104254,5385433,1711
2048,cold,True,1692546,0.163982,4960275,1705
2048,cold,True,1848442,0.069964,5960557,1870
2048,cold,True,1693410,0.08753,4708699,1708
2048,cold,True,1816833,0.098642,5290213,1829
2048,cold,True,2183416,0.109038,6158334,2203
2048,cold,True,1705039,0.146226,6404328,1719
2048,cold,True,1713818,0.087133,4915880,1726
2048,cold,True,2248454,0.160721,7863588,2266
2048,cold,True,1605231,0.097463,4826773,1615
2048,cold,True,1639982,0.080193,4794559,1651
2048,cold,True,1661267,0.172005,4977435,1672
2048,cold,True,1606810,0.080581,4897852,1619
2048,cold,True,1740313,0.10359,5665193,1751
2048,cold,True,1649514,0.173877,4595676,1662
2048,cold,True,1677331,0.086093,5126293,1688
2048,cold,True,1686338,0.065822,5520422,1697
2048,cold,True,1589872,0.156547,4690096,1600
2048,cold,True,1530310,0.081236,4611056,1541
2048,cold,True,1555514,0.1376,1925603,1564
2048,cold,True,1776395,0.088435,5190650,1791
2048,cold,True,1550710,0.106391,3944288,1561
2048,cold,True,1738666,0.105429,5544956,1752
2048,cold,True,1548456,0.074876,4231038,1561
2048,cold,True,1575045,0.105821,4519695,1587
2048,cold,True,1654473,0.088877,4670221,1666
2048,cold,True,1631216,0.075246,4091569,1642
2048,cold,True,1686458,0.100757,4652407,1699
2048,cold,True,1654381,0.086745,4231102,1665
2048,cold,True,1771823,0.074196,4867729,1787
2048,cold,True,1825717,0.144869,4797325,1840
2048,cold,True,1634322,0.103322,5010602,1648
2048,cold,True,1932206,0.090823,6163356,1948
2048,cold,True,1857189,0.117102,6562985,1872
2048,cold,True,1821415,0.172891,5256518,1834
2048,cold,True,1795335,0.097563,5410959,1808
2048,cold,True,1600596,0.122463,4675635,1612
2048,cold,True,1635973,0.098866,5255888,1648
2048,cold,True,1766609,0.075435,4603693,1782
2048,cold,True,1814476,0.138864,4950781,1827
2048,cold,True,1995402,0.175545,6047976,2011
2048,cold,True,1608837,0.080907,4815279,1621
2048,cold,True,1524567,0.096476,4093510,1536
2048,cold,True,1868600,0.082146,5542953,1885
2048,cold,True,1809052,0.094127,5466191,1823
2048,cold,True,1773050,0.178048,5297008,1784
2048,cold,True,1767501,0.109392,5625940,1780
2048,cold,True,1635944,0.095746,4088174,1646
2048,cold,True,1635274,0.166963,4942900,1645
2048,cold,True,1620127,0.142018,4269215,1631
2048,cold,True,1622819,0.160093,4837221,1633
2048,cold,True,1646491,0.110813,4759760,1660
2048,cold,True,2218256,0.168034,7862703,2236
2048,cold,True,2879830,0.110042,7107180,2895
2048,cold,True,1928666,0.137629,5087333,1939
2048,cold,True,1694951,0.098616,4459320,1708
2048,cold,True,1631031,0.089869,4898555,1643
2048,cold,True,1855424,0.095258,6010133,1869
2048,cold,True,1612059,0.093251,4171072,1623
2048,cold,True,1661427,0.080403,4758123,1676
2048,cold,True,1785725,0.073694,5735778,1799
2048,cold,True,1701629,0.149986,5025675,1713
2048,cold,True,1734697,0.13569,5141934,1749
2048,cold,True,1727743,0.150405,4187759,1743
2048,cold,True,1521927,0.127169,4264288,1533
2048,cold,True,1793215,0.091587,5187182,1805
2048,cold,True,1689617,0.093426,4137158,1701
2048,cold,True,1617386,0.167451,4576478,1629
2048,cold,True,1689008,0.097572,4747836,1701
2048,cold,True,1720905,0.092953,5147568,1732
2048,cold,True,1741712,0.094077,4877202,1760
2048,cold,True,1800160,0.178755,5273374,1812
2048,cold,True,1539869,0.087337,4765476,1551
2048,cold,True,1581717,0.074386,1839714,1590
2048,cold,True,1767451,0.071318,4637011,1781
2048,cold,True,1917717,0.105424,6157685,1930
2048,cold,True,2055608,0.076894,5409964,2070
2048,cold,True,2036046,0.152899,5889131,2048
2048,cold,True,1570336,0.090945,4146192,1582
2048,cold,True,1687902,0.159415,4997436,1700
2048,cold,True,1666792,0.113129,5279556,1678
2048,cold,True,1968283,0.104419,6148433,1983
2048,cold,True,1676276,0.161237,4580288,1690
2048,cold,True,1681510,0.087936,4234550,1693
2048,cold,True,1815970,0.105055,6558933,1832
2048,cold,True,1625408,0.074464,4932619,1636
2048,cold,True,1743020,0.108883,5568347,1756
2048,cold,True,1755338,0.095858,4680281,1769
2048,cold,True,1694718,0.081001,4837233,1709
2048,cold,True,1706501,0.096224,4799636,1718
2048,cold,True,1510365,0.088288,4259600,1520
2048,cold,True,1552267,0.115067,4943246,1563
2048,cold,True,1876853,0.102417,4668187,1890
2048,cold,True,1842583,0.099796,5734272,1858
2048,cold,True,1869947,0.084198,5982265,1884
2048,cold,True,1588154,0.089009,4309641,1598
2048,cold,True,1871216,0.061515,5510727,1884
2048,cold,True,1697857,0.06258,5148135,1708
2048,cold,True,1657822,0.071274,4034065,1671
2048,cold,True,1806880,0.179458,5110257,1819
2048,cold,True,1822405,0.102266,5761285,1833
2048,cold,True,1703059,0.152565,5427696,1714
2048,cold,True,1786739,0.123055,5934708,1802
2048,cold,True,1720302,0.18799,5229577,1732
2048,cold,True,1753077,0.090517,4846536,1765
2048,cold,True,1728317,0.087514,4810798,1744
2048,cold,True,1836203,0.168458,5241404,1850
2048,cold,True,1791405,0.103101,6242007,1802
2048,cold,True,1721079,0.101734,5163595,1734
2048,cold,True,1634079,0.080026,5044247,1644
2048,cold,True,1597893,0.176267,3970047,1609
2048,cold,True,1752921,0.077561,4964667,1765
2048,cold,True,1547513,0.085636,4611766,1559
2048,cold,True,1744137,0.138458,4710771,1755
2048,cold,True,1634023,0.159563,4948996,1645
2048,cold,True,1725795,0.076338,4809151,1738
2048,cold,True,1683994,0.066637,5438853,1698
2048,cold,True,1607137,0.074351,4333864,1618
2048,cold,True,1542453,0.089077,4408762,1553
2048,cold,True,1690308,0.094142,4725845,1702
2048,cold,True,1735702,0.10225,4808062,1748
2048,cold,True,2018788,0.103395,6189976,2034
512,cold,True,1943900,0.145923,5612508,1956
512,cold,True,1593741,0.079535,4560925,1606
512,cold,True,1522209,0.154981,4837120,1532
512,cold,True,1576479,0.089756,4958830,1590
512,cold,True,1847684,0.072421,5732389,1861
512,cold,True,2108272,0.049097,5857389,2123
512,cold,True,1703163,0.157083,5852549,1716
512,cold,True,2598544,0.163003,7752744,2623
512,cold,True,2076671,0.082032,6035176,2097
512,cold,True,1746156,0.085784,4505623,1758
512,cold,True,2075642,0.106602,4754614,2092
512,cold,True,1889546,0.04919,5910336,1907
512,cold,True,1795653,0.074893,4823523,1806
512,cold,True,1631097,0.058199,4878511,1644
512,cold,True,2170752,0.127568,6541757,2190
512,cold,True,1720927,0.124605,5109600,1732
512,cold,True,2225676,0.171285,6743631,2248
512,cold,True,1646879,0.132702,4684102,1657
512,cold,True,1854046,0.098788,5819814,1870
512,cold,True,1701249,0.054762,4032446,1715
512,cold,True,1741873,0.151336,5704124,1756
512,cold,True,1794207,0.069412,4787222,1805
512,cold,True,1747859,0.085551,4583560,1759
512,cold,True,1729768,0.095916,5097481,1743
512,cold,True,2096964,0.084106,6012953,2111
512,cold,True,1785530,0.118998,5028346,1802
512,cold,True,1644997,0.131786,4598197,1656
512,cold,True,1755479,0.082804,5034800,1771
512,cold,True,1696564,0.108223,3985659,1709
512,cold,True,1832301,0.098279,5274053,1848
512,cold,True,1580920,0.080015,4139016,1593
512,cold,True,1822553,0.131556,6377361,1834
512,cold,True,1728856,0.070147,4423337,1743
512,cold,True,1752649,0.084715,4203239,1765
512,cold,True,1644176,0.077665,4029356,1656
512,cold,True,1574421,0.112636,4424514,1588
512,cold,True,1808095,0.080233,4935529,1820
512,cold,True,1743665,0.068729,4772381,1755
512,cold,True,1940021,0.070469,4936870,1958
512,cold,True,1830248,0.079098,4665490,1841
512,cold,True,1542901,0.084958,4708424,1558
512,cold,True,1768335,0.075426,4635545,1791
512,cold,True,2149961,0.091954,5754939,2165
512,cold,True,1692202,0.077419,4730991,1704
512,cold,True,1607277,0.078995,4272468,1625
512,cold,True,1854822,0.128315,5375101,1867
512,cold,True,1989151,0.094128,5807532,2003
512,cold,True,1873457,0.081057,5195338,1889
512,cold,True,1823728,0.093731,5347984,1836
512,cold,True,1720574,0.084919,4822524,1732
512,cold,True,1813936,0.123863,4697291,1828
512,cold,True,1631639,0.063189,4786819,1645
512,cold,True,1626162,0.08337,3768594,1639
512,cold,True,1667509,0.144323,4106416,1680
512,cold,True,1714598,0.060626,4777649,1727
512,cold,True,1829315,0.081906,4521279,1843
512,cold,True,1991202,0.058008,5423520,2006
512,cold,True,1964019,0.105289,5904536,1976
512,cold,True,2047235,0.11172,5394769,2064
512,cold,True,1981572,0.070724,5445865,1996
512,cold,True,1862720,0.056641,5050065,1877
512,cold,True,1946558,0.081104,5310352,1970
512,cold,True,1741208,0.096567,4981619,1754
512,cold,True,1624575,0.072784,4346048,1635
512,cold,True,1962192,0.15193,5666793,1975
512,cold,True,1908551,0.120068,6538078,1921
512,cold,True,1854412,0.069781,4911222,1869
512,cold,True,1893150,0.073318,5136406,1908
512,cold,True,1987349,0.084504,4834760,1999
512,cold,True,1929038,0.098957,5263437,1943
512,cold,True,1751505,0.093556,5321478,1764
512,cold,True,1622012,0.096863,4789956,1632
512,cold,True,1716083,0.075118,4435881,1727
512,cold,True,1813494,0.135536,4634955,1828
512,cold,True,1756271,0.054679,5255394,1772
512,cold,True,1697167,0.099288,4650390,1709
512,cold,True,1783793,0.096035,4858589,1798
512,cold,True,1834350,0.097907,4873974,1849
512,cold,True,2205404,0.089537,5988989,2220
512,cold,True,2408864,0.136609,8250984,2429
512,cold,True,1639202,0.0621,4890915,1649
512,cold,True,2208952,0.087432,5757148,2239
512,cold,True,1687421,0.060232,4131527,1698
512,cold,True,1566620,0.084702,4634395,1577
512,cold,True,1934699,0.093994,5943539,1949
512,cold,True,1915126,0.078381,5202662,1929
512,cold,True,1815737,0.144519,4725194,1832
512,cold,True,2953832,0.101393,3319602,2964
512,cold,True,2065224,0.05623,6086934,2083
512,cold,True,1772666,0.072221,4609183,1791
512,cold,True,1698525,0.07328,4352744,1710
512,cold,True,2131754,0.082132,6015850,2147
512,cold,True,1621747,0.059388,4767555,1633
512,cold,True,1747783,0.081441,4732627,1761
512,cold,True,1556652,0.089845,4509465,1567
512,cold,True,1715891,0.085319,5127326,1727
512,cold,True,1937367,0.130408,6162306,1959
512,cold,True,1899788,0.080677,4931938,1914
512,cold,True,1857253,0.136822,6380540,1871
512,cold,True,1804784,0.068531,4668947,1825
512,cold,True,2342719,0.170354,8437573,2361
512,cold,True,2462561,0.163373,8334594,2479
512,cold,True,2104084,0.080951,6051153,2120
512,cold,True,1675607,0.068614,5005348,1690
512,cold,True,2001053,0.055174,5369622,2021
512,cold,True,2041192,0.065013,5430091,2060
512,cold,True,1745151,0.078495,4368371,1758
512,cold,True,1687955,0.111326,5206860,1698
512,cold,True,1801693,0.086029,4850812,1817
512,cold,True,1990840,0.08851,5692569,2008
512,cold,True,1794691,0.060996,5330736,1808
512,cold,True,1621856,0.073513,4729158,1637
512,cold,True,1846090,0.154728,5444940,1864
512,cold,True,1742014,0.115669,5685689,1755
512,cold,True,1703437,0.08292,4002213,1715
512,cold,True,1796441,0.058244,5743368,1808
512,cold,True,1817066,0.080344,5352535,1829
512,cold,True,1722316,0.069561,4943945,1736
512,cold,True,1627353,0.143181,4708805,1640
512,cold,True,1972099,0.087274,5333984,1992
512,cold,True,1840541,0.086893,4594425,1853
512,cold,True,1631029,0.095532,4180578,1642
512,cold,True,1803434,0.080119,4670765,1816
512,cold,True,1960012,0.143417,6068101,1975
512,cold,True,1682935,0.074993,4674908,1696
512,cold,True,1942044,0.095492,5253137,1956
512,cold,True,1631118,0.0838,4659890,1643
512,cold,True,1848029,0.154624,5701778,1863
512,cold,True,2162113,0.083936,5728588,2183
512,cold,True,1669249,0.110298,5091479,1682
512,cold,True,1725017,0.083271,4570740,1736
512,cold,True,1800163,0.142106,4802509,1812
512,cold,True,1844337,0.06865,5345272,1858
512,cold,True,2028823,0.082497,5451814,2042
512,cold,True,1669788,0.083684,5278085,1690
512,cold,True,1819735,0.135021,6129704,1834
512,cold,True,1738838,0.090572,5170835,1750
512,cold,True,1767243,0.090386,4796515,1781
512,cold,True,1794350,0.050535,4785694,1807
512,cold,True,1641863,0.133689,4539468,1653
512,cold,True,1879168,0.151641,4883515,1894
512,cold,True,1630038,0.096399,4795184,1641
512,cold,True,1840858,0.070438,4743272,1852
512,cold,True,1946645,0.111477,5071190,1964
512,cold,True,2517030,0.143692,7799818,2532
512,cold,True,2016279,0.154379,4857500,2032
512,cold,True,1772292,0.105581,4628817,1789
512,cold,True,1730626,0.089143,5583410,1743
512,cold,True,1755677,0.077769,4560832,1770
512,cold,True,2079823,0.050257,5734350,2098
512,cold,True,1639552,0.091184,5278385,1652
512,cold,True,2023233,0.099468,5479578,2037
512,cold,True,1700098,0.076583,5545397,1712
512,cold,True,1865463,0.167872,6046696,1878
512,cold,True,1864604,0.12935,5690481,1875
512,cold,True,1779231,0.05717,4774703,1793
512,cold,True,1554573,0.093461,3953331,1566
512,cold,True,1650062,0.068203,4022381,1661
512,cold,True,2560638,0.158852,7985012,2585
512,cold,True,1857258,0.128389,5427973,1877
512,cold,True,1944321,0.087213,5930216,1959
512,cold,True,1770004,0.054371,4857476,1783
512,cold,True,2410931,0.053384,2729580,2418
512,cold,True,1842794,0.072662,5294670,1861
512,cold,True,1870720,0.153694,5662244,1887
512,cold,True,2230525,0.12711,6511485,2251
512,cold,True,1720349,0.066899,4994996,1732
512,cold,True,1654192,0.07461,4343986,1666
512,cold,True,1691907,0.079481,4924345,1704
512,cold,True,1756986,0.096431,4557332,1770
512,cold,True,1668756,0.080988,4488824,1679
512,cold,True,1553537,0.093907,4482194,1571
512,cold,True,1618840,0.0865,4959125,1630
512,cold,True,1711079,0.087257,5265488,1725
512,cold,True,1986547,0.073644,5702985,2003
512,cold,True,1702583,0.158602,4885116,1716
512,cold,True,1627638,0.054125,3945929,1640
512,cold,True,1708118,0.061273,4492478,1719
512,cold,True,1937371,0.168801,6107136,1953
512,cold,True,1634730,0.077841,4166718,1646
512,cold,True,1673583,0.093375,4018853,1686
512,cold,True,1574066,0.062551,4791879,1590
512,cold,True,1776674,0.086194,4803742,1791
512,cold,True,2016802,0.14312,5646621,2030
512,cold,True,1713194,0.078404,5871608,1727
512,cold,True,1633362,0.089906,5033677,1647
512,cold,True,1725352,0.1027,4482916,1736
512,cold,True,1736653,0.085123,4513793,1747
512,cold,True,1776575,0.068703,4773927,1788
512,cold,True,1733321,0.067221,5502866,1745
512,cold,True,1632388,0.046042,4982723,1645
512,cold,True,1749471,0.066489,5762605,1762
512,cold,True,1582130,0.081648,4156899,1593
512,cold,True,1599107,0.102744,5223433,1612
512,cold,True,1631226,0.11439,4078535,1644
512,cold,True,1857198,0.130442,5364592,1872
512,cold,True,1809212,0.078726,4795781,1821
512,cold,True,1714573,0.157687,4558491,1726
512,cold,True,1760152,0.090145,4398638,1773
512,cold,True,2743051,0.07808,2984080,2753
1024,warm,False,920951,0.12971,1204569,929
1024,warm,False,800987,0.100263,957125,811
1024,warm,False,753469,0.091292,897394,764
1024,warm,False,815268,0.103524,984332,830
1024,warm,False,792807,0.126734,1063061,802
1024,warm,False,753213,0.10497,990677,841
1024,warm,False,775459,0.063474,959171,850
1024,warm,False,747980,0.106741,905269,755
1024,warm,False,776056,0.086464,978355,849
1024,warm,False,807859,0.075972,959462,815
1024,warm,False,755714,0.084097,1052537,779
1024,warm,False,792363,0.130017,1069684,800
1024,warm,False,834098,0.096079,979929,842
1024,warm,False,795322,0.120958,964455,801
1024,warm,False,871810,0.132865,1155956,977
1024,warm,False,745860,0.079899,874248,752
1024,warm,False,798771,0.085665,973980,839
1024,warm,False,780276,0.068028,896307,787
1024,warm,False,766223,0.144937,1066758,776
1024,warm,False,749092,0.100332,927474,777
1024,warm,False,835330,0.104192,1003844,845
1024,warm,False,769604,0.132672,962055,778
1024,warm,False,843968,0.058692,955584,851
1024,warm,False,720499,0.083911,850562,726
1024,warm,False,677097,0.092718,824740,682
1024,warm,False,784573,0.083492,971001,789
1024,warm,False,832383,0.116825,1047850,837
1024,warm,False,737305,0.134632,1071402,744
1024,warm,False,806649,0.075635,952663,825
1024,warm,False,862168,0.099628,1019299,871
1024,warm,False,908519,0.075805,1072343,946
1024,warm,False,839960,0.065624,958691,847
1024,warm,False,738324,0.083757,938764,806
1024,warm,False,731567,0.088145,969897,763
1024,warm,False,752155,0.092844,980658,760
1024,warm,False,724093,0.0569,964702,734
1024,warm,False,929834,0.112984,1096418,938
1024,warm,False,711690,0.082355,851986,723
1024,warm,False,823214,0.113928,1006149,841
1024,warm,False,767176,0.053868,871518,774
1024,warm,False,790485,0.132498,974110,798
1024,warm,False,738491,0.07823,884290,757
1024,warm,False,811964,0.073689,939256,821
1024,warm,False,869834,0.090754,1013060,877
1024,warm,False,793523,0.131084,1067613,820
1024,warm,False,745654,0.087015,882387,751
1024,warm,False,888474,0.126316,1070209,896
1024,warm,False,885260,0.143097,1086842,892
1024,warm,False,893514,0.100251,1116500,902
1024,warm,False,814338,0.125468,997373,821
1024,warm,False,791354,0.132471,1072862,799
1024,warm,False,838913,0.053616,944936,846
1024,warm,False,819643,0.107968,995202,837
1024,warm,False,735544,0.069882,954293,741
1024,warm,False,776203,0.097073,963826,828
1024,warm,False,984318,0.122827,1253118,1084
1024,warm,False,830953,0.080586,974943,838
1024,warm,False,829921,0.084965,993694,848
1024,warm,False,977016,0.119549,1150874,983
1024,warm,False,1008224,0.093092,1172684,1030
1024,warm,False,874299,0.09621,1026597,880
1024,warm,False,714456,0.087578,948575,819
1024,warm,False,798853,0.081436,985961,851
1024,warm,False,789591,0.085099,959955,797
1024,warm,False,919640,0.076904,1150725,936
1024,warm,False,805533,0.132687,1059483,874
1024,warm,False,803714,0.123211,1071180,902
1024,warm,False,797714,0.10212,966285,807
1024,warm,False,968757,0.06208,1089372,978
1024,warm,False,790571,0.088006,966784,833
1024,warm,False,735397,0.06399,859654,749
1024,warm,False,841598,0.085571,980219,851
1024,warm,False,795405,0.067613,916241,802
1024,warm,False,879045,0.131128,1067950,886
1024,warm,False,879602,0.140135,1086880,892
1024,warm,False,866981,0.092949,1013385,874
1024,warm,False,786739,0.076248,931303,804
1024,warm,False,757522,0.087112,960855,764
1024,warm,False,833969,0.071722,954529,840
1024,warm,False,881342,0.099828,1104778,959
1024,warm,False,813427,0.127,1013695,838
1024,warm,False,801741,0.137865,1051943,809
1024,warm,False,866783,0.122116,1050796,872
1024,warm,False,754222,0.073876,913024,763
1024,warm,False,752984,0.083643,886326,759
1024,warm,False,896072,0.135081,1171587,987
1024,warm,False,687870,0.097429,836977,695
1024,warm,False,803945,0.064683,923531,809
1024,warm,False,728680,0.110819,947928,736
1024,warm,False,690003,0.094096,839963,699
1024,warm,False,773033,0.081271,938816,812
1024,warm,False,842907,0.097278,1051002,908
1024,warm,False,762826,0.1335,1060556,769
1024,warm,False,781002,0.104654,933253,788
1024,warm,False,795965,0.074378,922553,804
1024,warm,False,753109,0.087104,959863,758
1024,warm,False,822563,0.136081,1069342,830
1024,warm,False,780458,0.09228,928339,790
1024,warm,False,811268,0.119305,997374,819
1024,warm,False,989119,0.069859,1148204,1015
1024,warm,False,870886,0.070498,1002042,880
1024,warm,False,690550,0.088872,844974,705
1024,warm,False,783574,0.094264,974354,817
1024,warm,False,815326,0.126397,1053670,825
1024,warm,False,726481,0.088137,862337,733
1024,warm,False,888034,0.081343,1025497,895
1024,warm,False,775140,0.131545,1056615,781
1024,warm,False,815542,0.095667,1046361,894
1024,warm,False,732964,0.114936,945086,738
1024,warm,False,774398,0.069532,912085,790
1024,warm,False,939713,0.099985,1097544,946
1024,warm,False,800361,0.08538,995884,859
1024,warm,False,936697,0.161314,1154716,945
1024,warm,False,991063,0.098972,1144332,998
1024,warm,False,1831095,0.14481,2082104,1838
1024,warm,False,718940,0.073087,952325,785
1024,warm,False,737022,0.08603,874809,745
1024,warm,False,790612,0.088269,986978,855
1024,warm,False,776745,0.125411,979340,783
1024,warm,False,780908,0.119573,1058479,888
1024,warm,False,833152,0.057003,974731,875
1024,warm,False,816174,0.106344,975442,821
1024,warm,False,777754,0.103411,937019,785
1024,warm,False,823603,0.090731,976859,829
1024,warm,False,761897,0.073982,965744,770
1024,warm,False,775656,0.082579,917459,784
1024,warm,False,699871,0.087304,838348,710
1024,warm,False,752114,0.130882,949961,761
1024,warm,False,743958,0.090494,912936,755
1024,warm,False,730801,0.076763,855340,739
1024,warm,False,764702,0.139002,1055758,855
1024,warm,False,762394,0.076071,964087,826
1024,warm,False,840060,0.150546,1070991,848
1024,warm,False,820528,0.097022,974881,828
1024,warm,False,918521,0.105188,1176656,1023
1024,warm,False,762643,0.089104,906234,770
1024,warm,False,802927,0.0679,1001969,812
1024,warm,False,771437,0.080057,933321,795
1024,warm,False,1013104,0.101462,1182141,1032
1024,warm,False,889114,0.09928,1044942,895
1024,warm,False,774066,0.088827,978317,780
1024,warm,False,761439,0.108187,1069022,770
1024,warm,False,823464,0.141626,1050669,830
1024,warm,False,784807,0.129256,1020958,841
1024,warm,False,777283,0.071395,951823,784
1024,warm,False,767697,0.081196,910725,790
1024,warm,False,733073,0.05488,837429,740
1024,warm,False,948511,0.082632,1111201,973
1024,warm,False,949321,0.098669,1110071,955
1024,warm,False,847244,0.093114,1033991,866
1024,warm,False,786478,0.095508,956708,797
1024,warm,False,983446,0.102506,1224006,1078
1024,warm,False,823882,0.120423,1043799,833
1024,warm,False,737061,0.085015,939717,811
1024,warm,False,836018,0.097832,1050206,842
1024,warm,False,800417,0.071708,952415,837
1024,warm,False,787327,0.074389,952518,823
1024,warm,False,757043,0.125298,1055637,764
1024,warm,False,752146,0.089536,893659,758
1024,warm,False,807063,0.095931,959669,814
1024,warm,False,741658,0.1231,1021562,747
1024,warm,False,783498,0.067366,918123,789
1024,warm,False,798824,0.089647,970633,805
1024,warm,False,747252,0.07083,955795,837
1024,warm,False,732177,0.116388,1072695,738
1024,warm,False,3015900,0.12358,3196929,3022
1024,warm,False,823305,0.077028,961471,840
1024,warm,False,764077,0.075392,991831,861
1024,warm,False,715141,0.125594,948850,721
1024,warm,False,785858,0.137518,1048539,862
1024,warm,False,803474,0.074749,936780,811
1024,warm,False,716735,0.057941,830829,727
1024,warm,False,811612,0.085419,966811,820
1024,warm,False,1060894,0.128748,1247012,1069
1024,warm,False,826253,0.090443,995644,840
1024,warm,False,817990,0.106712,997636,827
1024,warm,False,848653,0.075346,972184,855
1024,warm,False,810073,0.128384,1051206,817
1024,warm,False,776811,0.085698,963019,836
1024,warm,False,836258,0.118656,1035826,843
1024,warm,False,807703,0.081101,958128,813
1024,warm,False,824929,0.107951,987864,831
1024,warm,False,800213,0.084275,939870,807
1024,warm,False,885627,0.073425,1005109,891
1024,warm,False,884066,0.128661,1074365,892
1024,warm,False,855109,0.123117,1074408,864
1024,warm,False,773846,0.074423,949839,782
1024,warm,False,825448,0.090494,991372,843
1024,warm,False,786367,0.073148,918657,799
1024,warm,False,769646,0.065506,919334,777
1024,warm,False,717903,0.090688,950432,817
1024,warm,False,759182,0.109686,952611,766
1024,warm,False,784077,0.087791,966671,790
1024,warm,False,786608,0.092719,930463,793
1024,warm,False,789843,0.113276,1058658,799
1024,warm,False,795487,0.126369,981895,803
1024,warm,False,772453,0.067975,894062,780
1024,warm,False,796361,0.069233,995453,877
1024,warm,False,743028,0.142991,1060790,749
1024,warm,False,771167,0.121227,1022316,839
1024,warm,False,739987,0.089734,882189,749
1024,warm,False,1026088,0.090371,1169586,1032
1024,warm,False,797047,0.096169,949347,803
1024,warm,False,752839,0.077347,920959,800
1024,warm,False,754853,0.076044,954095,760
1024,warm,False,788038,0.095918,1019197,799
1024,warm,False,844488,0.080369,1066438,864
1024,warm,False,802163,0.097209,969632,826
1024,warm,False,1071655,0.126548,1247894,1080
1024,warm,False,788338,0.121438,961441,793
1024,warm,False,796149,0.082405,926374,804
1024,warm,False,797249,0.080978,961054,806
1024,warm,False,746996,0.058954,860242,761
1024,warm,False,722580,0.094186,867885,731
1024,warm,False,722511,0.082997,852710,730
1024,warm,False,755051,0.0893,960973,766
1024,warm,False,738946,0.121297,945521,746
1024,warm,False,799535,0.121234,1066656,814
1024,warm,False,795761,0.125653,977736,805
1024,warm,False,832474,0.100764,1071035,839
1024,warm,False,761956,0.083191,903532,776
1024,warm,False,846384,0.099837,1004057,856
1024,warm,False,788698,0.134958,1068484,796
1024,warm,False,757689,0.105307,951479,763
1024,warm,False,707264,0.055061,810756,715
1024,warm,False,740885,0.091012,1037804,747
1024,warm,False,837500,0.082574,1064491,843
1024,warm,False,833430,0.09015,1030849,863
1024,warm,False,760422,0.060974,915893,766
1024,warm,False,704795,0.106786,858926,711
1024,warm,False,714603,0.093232,864244,721
1024,warm,False,810132,0.136476,1053636,817
1024,warm,False,796934,0.14474,1067520,803
1024,warm,False,706464,0.088937,954736,713
1024,warm,False,763027,0.105927,943858,791
1024,warm,False,720865,0.081104,854371,728
1024,warm,False,750384,0.126638,948027,770
2048,warm,False,728560,0.109429,896292,736
2048,warm,False,762224,0.082148,917811,791
2048,warm,False,791556,0.105037,950301,798
2048,warm,False,852138,0.079968,984651,857
2048,warm,False,745337,0.085141,880847,752
2048,warm,False,716302,0.088306,855618,723
2048,warm,False,769421,0.08006,909789,777
2048,warm,False,705657,0.101831,918610,770
2048,warm,False,743597,0.080483,877787,750
2048,warm,False,693423,0.088593,830851,700
2048,warm,False,750536,0.062605,865580,757
2048,warm,False,726772,0.076766,856843,732
2048,warm,False,715986,0.081286,869556,744
2048,warm,False,787428,0.081264,923445,794
2048,warm,False,728134,0.053625,932546,738
2048,warm,False,716009,0.074138,842759,724
2048,warm,False,727890,0.090172,871262,738
2048,warm,False,807138,0.104461,1021489,872
2048,warm,False,722617,0.075011,846532,728
2048,warm,False,718156,0.075142,850188,724
2048,warm,False,739278,0.076531,872900,746
2048,warm,False,693685,0.090172,838861,700
2048,warm,False,724160,0.061848,939826,826
2048,warm,False,744152,0.078194,873045,751
2048,warm,False,786372,0.052967,987357,887
2048,warm,False,799956,0.095552,946961,808
2048,warm,False,702936,0.082733,837050,710
2048,warm,False,685047,0.075351,877523,754
2048,warm,False,770233,0.081011,901987,777
2048,warm,False,708177,0.087495,849196,714
2048,warm,False,839891,0.09721,990854,849
2048,warm,False,732136,0.078796,912201,794
2048,warm,False,728034,0.091598,918898,768
2048,warm,False,691776,0.072739,815967,698
2048,warm,False,740188,0.075743,864758,747
2048,warm,False,894904,0.097958,1047093,903
2048,warm,False,782521,0.070237,935172,818
2048,warm,False,716947,0.086885,857135,725
2048,warm,False,795895,0.063185,916226,802
2048,warm,False,739140,0.070617,865974,746
2048,warm,False,733920,0.105076,889971,741
2048,warm,False,668374,0.087627,806065,675
2048,warm,False,726861,0.07678,864204,733
2048,warm,False,803425,0.068412,923074,810
2048,warm,False,801473,0.08812,960056,809
2048,warm,False,743270,0.094343,882241,749
2048,warm,False,714312,0.094279,867274,722
2048,warm,False,807802,0.072258,947893,828
2048,warm,False,730623,0.080772,950840,824
2048,warm,False,704288,0.103322,863301,712
2048,warm,False,746192,0.094383,894515,755
2048,warm,False,741892,0.06904,864547,751
2048,warm,False,805359,0.08579,1025931,892
2048,warm,False,830164,0.077609,965031,839
2048,warm,False,736941,0.074377,864511,743
2048,warm,False,804668,0.076926,1007983,889
2048,warm,False,705100,0.086474,844887,713
2048,warm,False,730988,0.074539,854965,739
2048,warm,False,758485,0.098632,991798,845
2048,warm,False,713936,0.061229,828731,720
2048,warm,False,731577,0.102647,885402,739
2048,warm,False,717130,0.103726,874090,726
2048,warm,False,763085,0.081143,892256,770
2048,warm,False,791196,0.094818,960479,817
2048,warm,False,707722,0.097211,855589,715
2048,warm,False,741405,0.068647,877537,763
2048,warm,False,813678,0.078338,947798,821
2048,warm,False,846210,0.096709,998080,853
2048,warm,False,694593,0.08922,832295,701
2048,warm,False,702419,0.09161,850447,714
2048,warm,False,721538,0.109303,921105,767
2048,warm,False,740782,0.099644,896775,749
2048,warm,False,698425,0.099889,853793,705
2048,warm,False,739488,0.06994,861762,746
2048,warm,False,794057,0.095018,942287,802
2048,warm,False,715267,0.094937,861947,724
2048,warm,False,709696,0.078261,838556,716
2048,warm,False,698977,0.095269,863726,727
2048,warm,False,674583,0.083882,810874,682
2048,warm,False,740195,0.081887,921704,796
2048,warm,False,694950,0.092654,840262,704
2048,warm,False,737239,0.079976,899366,774
2048,warm,False,798828,0.079881,942456,805
2048,warm,False,755578,0.078117,937988,813
2048,warm,False,766757,0.09756,916006,773
2048,warm,False,682172,0.079713,876377,748
2048,warm,False,787674,0.104407,940606,794
2048,warm,False,718547,0.103352,890170,740
2048,warm,False,721161,0.078402,855345,731
2048,warm,False,742193,0.105552,914960,748
2048,warm,False,726496,0.086731,867284,735
2048,warm,False,703697,0.077276,835218,710
2048,warm,False,705781,0.08255,841882,712
2048,warm,False,757475,0.102834,926194,764
2048,warm,False,751102,0.103843,908273,756
2048,warm,False,686954,0.107018,847032,695
2048,warm,False,752146,0.075728,879813,760
2048,warm,False,771165,0.109233,936371,780
2048,warm,False,741749,0.08047,872599,747
2048,warm,False,723377,0.063516,920294,802
2048,warm,False,677950,0.087236,821765,691
2048,warm,False,815799,0.08486,958741,821
2048,warm,False,721283,0.058165,923005,815
2048,warm,False,811185,0.074365,943416,817
2048,warm,False,694932,0.066704,821595,703
2048,warm,False,681539,0.09041,823780,689
2048,warm,False,725720,0.072865,906058,785
2048,warm,False,809301,0.089542,948750,816
2048,warm,False,686113,0.08755,830147,692
2048,warm,False,730520,0.08029,862078,737
2048,warm,False,753558,0.093431,901021,760
2048,warm,False,765292,0.079559,952817,831
2048,warm,False,704813,0.089785,852097,712
2048,warm,False,752636,0.089569,897052,759
2048,warm,False,687809,0.040605,777046,692
2048,warm,False,706938,0.082297,890573,773
2048,warm,False,725320,0.078849,851476,730
2048,warm,False,694312,0.075222,827369,709
2048,warm,False,772730,0.044588,862629,778
2048,warm,False,753046,0.091968,904755,759
2048,warm,False,755681,0.075346,901213,781
2048,warm,False,688950,0.072805,812988,694
2048,warm,False,709472,0.078754,841818,716
2048,warm,False,682905,0.070118,803714,689
2048,warm,False,705188,0.103881,861441,712
2048,warm,False,751335,0.097954,900651,757
2048,warm,False,693384,0.094709,844369,699
2048,warm,False,714783,0.080006,853337,720
2048,warm,False,725496,0.07881,853361,732
2048,warm,False,757378,0.085651,897974,764
2048,warm,False,739167,0.088466,875121,746
2048,warm,False,724809,0.070606,850496,733
2048,warm,False,709104,0.075676,840038,715
2048,warm,False,710456,0.065339,858041,746
2048,warm,False,818144,0.085496,964389,826
2048,warm,False,687110,0.083769,818344,692
2048,warm,False,734885,0.060461,850959,741
2048,warm,False,696530,0.097478,875798,739
2048,warm,False,850158,0.073317,974315,857
2048,warm,False,736013,0.091212,881619,744
2048,warm,False,720564,0.10422,883436,727
2048,warm,False,680487,0.078423,878359,687
2048,warm,False,769251,0.076562,910948,775
2048,warm,False,704421,0.072656,827747,710
2048,warm,False,684073,0.083304,892308,770
2048,warm,False,692828,0.100993,873268,728
2048,warm,False,698094,0.060805,838345,732
2048,warm,False,723438,0.08843,868931,730
2048,warm,False,784830,0.101494,988505,837
2048,warm,False,707549,0.10475,870516,716
2048,warm,False,713112,0.103749,903188,751
2048,warm,False,713344,0.087504,872563,740
2048,warm,False,734388,0.109901,975864,810
2048,warm,False,716642,0.091131,917563,779
2048,warm,False,711855,0.09427,862448,720
2048,warm,False,718523,0.084951,867098,724
2048,warm,False,771829,0.093135,918615,779
2048,warm,False,754123,0.090499,896506,761
2048,warm,False,720446,0.071004,842075,727
2048,warm,False,749144,0.082591,884144,758
2048,warm,False,711425,0.076039,839771,721
2048,warm,False,728550,0.063209,841264,736
2048,warm,False,741572,0.084796,946616,815
2048,warm,False,795413,0.08111,936616,802
2048,warm,False,762450,0.088294,901777,770
2048,warm,False,671667,0.105171,886016,722
2048,warm,False,820843,0.093908,976089,827
2048,warm,False,719622,0.084659,856014,725
2048,warm,False,698502,0.05172,821361,723
2048,warm,False,717400,0.081731,850261,724
2048,warm,False,727450,0.071121,859675,734
2048,warm,False,730947,0.07374,949288,741
2048,warm,False,711617,0.080366,846284,718
2048,warm,False,713632,0.075015,848806,724
2048,warm,False,734010,0.097453,885369,741
2048,warm,False,744455,0.080018,880063,755
2048,warm,False,774435,0.086445,986854,853
2048,warm,False,746722,0.102023,902322,756
2048,warm,False,719014,0.089745,969309,802
2048,warm,False,693479,0.081299,898219,770
2048,warm,False,716176,0.085693,853027,723
2048,warm,False,750992,0.071024,872849,757
2048,warm,False,674080,0.076215,893285,763
2048,warm,False,711737,0.092839,854479,718
2048,warm,False,697314,0.082772,908815,766
2048,warm,False,730453,0.076594,864738,738
2048,warm,False,659529,0.083177,816879,688
2048,warm,False,797303,0.073471,930321,805
2048,warm,False,708846,0.106524,877367,719
2048,warm,False,751029,0.098388,907842,758
2048,warm,False,715141,0.094651,860527,720
2048,warm,False,691643,0.069827,824649,697
2048,warm,False,756784,0.085904,972325,840
2048,warm,False,732562,0.096796,883523,739
2048,warm,False,706281,0.052483,813175,712
2048,warm,False,733801,0.105456,923162,768
2048,warm,False,771485,0.072479,901391,780
2048,warm,False,708686,0.094956,865130,714
2048,warm,False,699571,0.061566,905281,802
2048,warm,False,821151,0.088471,967704,827
2048,warm,False,690503,0.081603,820520,696
2048,warm,False,840654,0.065419,958696,845
2048,warm,False,783216,0.084252,922996,790
2048,warm,False,802086,0.080932,957609,831
2048,warm,False,715924,0.08629,909572,778
2048,warm,False,744131,0.092579,947456,753
2048,warm,False,747673,0.065157,865412,754
2048,warm,False,691165,0.087561,828196,700
2048,warm,False,737420,0.078942,870689,745
2048,warm,False,814180,0.086482,958961,821
2048,warm,False,737379,0.078637,870568,744
2048,warm,False,767424,0.088326,922034,786
2048,warm,False,705269,0.090111,897113,762
2048,warm,False,776304,0.106838,942133,782
2048,warm,False,704217,0.084225,849669,711
2048,warm,False,733983,0.083943,868770,742
2048,warm,False,701871,0.084096,838892,711
2048,warm,False,803929,0.074368,930896,814
2048,warm,False,712728,0.064554,875433,758
2048,warm,False,766026,0.100342,918018,772
2048,warm,False,751304,0.088857,966112,832
2048,warm,False,672328,0.083804,809160,679
2048,warm,False,708020,0.078338,923795,795
2048,warm,False,782907,0.112339,945850,790
2048,warm,False,678149,0.085556,811647,685
2048,warm,False,788252,0.082487,923659,796
2048,warm,False,731070,0.084563,870872,737
2048,warm,False,693330,0.090632,911158,775
2048,warm,False,718007,0.082248,852451,725
2048,warm,False,692199,0.097901,841019,699
2048,warm,False,839773,0.057841,950347,846
2048,warm,False,703954,0.05776,821389,710
2048,warm,False,733881,0.0913,877861,744
2048,warm,False,750394,0.073662,877353,758
2048,warm,False,735254,0.088219,888702,743
2048,warm,False,712005,0.058054,824870,718
2048,warm,False,787692,0.081687,924217,794
2048,warm,False,736865,0.058257,850410,744
2048,warm,False,704348,0.083366,841388,711
2048,warm,False,689567,0.091173,834185,696
2048,warm,False,692263,0.074516,823297,698
2048,warm,False,735084,0.098734,883976,740
2048,warm,False,664066,0.099214,826961,671
2048,warm,False,693049,0.069063,854319,742
2048,warm,False,685555,0.095629,902776,763
2048,warm,False,787284,0.099762,937554,794
256,cold,True,5570583,0.079723,5782373,5583
256,cold,True,2202847,0.057336,4460983,2215
256,cold,True,1809012,0.070855,4503453,1821
256,cold,True,1673742,0.086365,3943403,1684
256,cold,True,1769578,0.194235,6099427,1782
256,cold,True,1893691,0.25653,5987631,1907
256,cold,True,1607161,0.202856,5120500,1617
256,cold,True,1771097,0.119884,4646517,1782
256,cold,True,1892399,0.192946,6144394,1907
256,cold,True,1561224,0.138014,4944157,1572
256,cold,True,1699867,0.223531,5325687,1721
256,cold,True,1586900,0.088712,4946223,1598
256,cold,True,1655684,0.093085,4806999,1667
256,cold,True,1739577,0.23533,5832481,1751
256,cold,True,1726950,0.123028,5323085,1740
256,cold,True,1934746,0.179489,5989471,1946
256,cold,True,1724616,0.250399,5350866,1736
256,cold,True,1573940,0.276489,5016849,1585
256,cold,True,1691059,0.102214,4265232,1704
256,cold,True,1602582,0.10565,4101319,1613
256,cold,True,1589594,0.104507,4577056,1599
256,cold,True,1637302,0.251439,5233582,1648
256,cold,True,1711174,0.102756,4186116,1723
256,cold,True,1663483,0.08385,3996973,1674
256,cold,True,1727259,0.133039,4388454,1739
256,cold,True,1712519,0.189877,5334236,1725
256,cold,True,2029996,0.10244,6542164,2042
256,cold,True,1960152,0.117875,5210023,1973
256,cold,True,1771524,0.114,4430211,1783
256,cold,True,5173442,0.08666,5321607,5184
256,cold,True,1682834,0.255305,5614673,1694
256,cold,True,1679218,0.085037,5554235,1692
256,cold,True,1696986,0.088611,4193070,1708
256,cold,True,1744850,0.123273,5297718,1757
256,cold,True,1631423,0.099679,4711921,1644
256,cold,True,1928640,0.089588,4368287,1946
256,cold,True,1603645,0.120582,3933582,1614
256,cold,True,1609723,0.145901,5866596,1620
256,cold,True,1673142,0.082494,4156828,1684
256,cold,True,1694595,0.138001,5140881,1705
256,cold,True,1670432,0.208593,5554774,1681
256,cold,True,1655108,0.142505,5279553,1666
256,cold,True,1650182,0.129622,5165376,1662
256,cold,True,1677340,0.090895,4374535,1688
256,cold,True,1709975,0.212464,6466316,1721
256,cold,True,1747151,0.119694,4762538,1766
256,cold,True,1673051,0.112632,4584040,1684
256,cold,True,1725749,0.109307,4434383,1737
256,cold,True,1678537,0.245175,4732440,1690
256,cold,True,1642797,0.081091,4605326,1656
256,cold,True,1685195,0.232446,5313243,1696
256,cold,True,1578019,0.092247,3979104,1593
256,cold,True,1789213,0.242058,5770665,1800
256,cold,True,1780770,0.212645,5951374,1793
256,cold,True,1914724,0.095118,5765530,1935
256,cold,True,1814826,0.075909,4880284,1826
256,cold,True,1831167,0.094963,5742464,1844
256,cold,True,1650821,0.10283,4255231,1663
256,cold,True,1679676,0.103336,4383258,1690
256,cold,True,1647591,0.077884,3940462,1659
256,cold,True,1651027,0.141889,5789968,1662
256,cold,True,1644770,0.073661,4753495,1656
256,cold,True,1892917,0.111187,5110160,1909
256,cold,True,1725413,0.178365,5519705,1736
256,cold,True,1921579,0.098155,4890531,1936
256,cold,True,1867762,0.123738,5601477,1882
256,cold,True,1738800,0.084428,4448631,1758
256,cold,True,1549749,0.088008,5027226,1560
256,cold,True,1738928,0.084771,4381886,1751
256,cold,True,1653271,0.087924,4339730,1664
256,cold,True,1645147,0.201611,5353204,1656
256,cold,True,2042332,0.097052,6014248,2058
256,cold,True,1760756,0.091534,4878479,1774
256,cold,True,1693948,0.24155,4684142,1706
256,cold,True,1654886,0.074354,4804160,1667
256,cold,True,1840588,0.105103,5341689,1854
256,cold,True,1814026,0.087486,5014957,1825
256,cold,True,1958688,0.08732,5541613,1975
256,cold,True,1674777,0.108998,4382532,1686
256,cold,True,2055384,0.083543,5674436,2069
256,cold,True,1901368,0.143583,4732859,1913
256,cold,True,1995958,0.057732,5080235,2010
256,cold,True,1654590,0.070325,4273179,1666
256,cold,True,1579462,0.246743,5398386,1589
256,cold,True,1652674,0.113445,5163391,1665
256,cold,True,1559605,0.102035,4264491,1579
256,cold,True,1643034,0.08643,4260961,1654
256,cold,True,1794270,0.08531,4871839,1805
256,cold,True,1672715,0.123128,5033407,1684
256,cold,True,1681378,0.094461,4247600,1692
256,cold,True,1633324,0.185581,5610176,1644
256,cold,True,1712249,0.081439,4697066,1724
256,cold,True,1677235,0.091564,3954411,1689
256,cold,True,1995594,0.105364,5672468,2010
256,cold,True,1889457,0.073628,5405126,1905
256,cold,True,1622001,0.092844,3943831,1634
256,cold,True,1672606,0.102953,4748975,1684
256,cold,True,1954874,0.103811,6594411,1967
256,cold,True,1906908,0.119748,5920395,1938
256,cold,True,1752897,0.094268,4262462,1772
256,cold,True,1743534,0.075528,5027217,1756
256,cold,True,1846611,0.223386,6020662,1860
256,cold,True,1941797,0.129877,5835452,1959
256,cold,True,1730724,0.119149,4425933,1743
256,cold,True,1658492,0.112603,5004561,1672
256,cold,True,1748982,0.090728,4414329,1760
256,cold,True,1755746,0.224237,6580867,1766
256,cold,True,1691645,0.251756,5454064,1702
256,cold,True,1648496,0.10032,5552916,1662
256,cold,True,1610881,0.088512,5049126,1623
256,cold,True,1819552,0.060579,4494261,1833
256,cold,True,1979606,0.083493,5259073,1995
256,cold,True,1624377,0.105601,4288857,1636
256,cold,True,1576665,0.106937,4929421,1588
256,cold,True,1732364,0.238827,6050525,1744
256,cold,True,1764240,0.098912,5207429,1779
256,cold,True,1985297,0.105233,5428073,2000
256,cold,True,1604885,0.097781,4893805,1617
256,cold,True,1789090,0.101765,5167287,1800
256,cold,True,1831459,0.210282,4697701,1843
256,cold,True,1982058,0.078042,6511628,1998
256,cold,True,1967851,0.116923,5456772,1985
256,cold,True,1623084,0.116121,4782154,1638
256,cold,True,1660752,0.082972,4374668,1673
256,cold,True,1652896,0.080508,4363708,1664
256,cold,True,2081987,0.090647,5959128,2098
256,cold,True,1597237,0.073924,3860287,1609
256,cold,True,2119107,0.079294,5821398,2133
256,cold,True,1676914,0.127423,4733127,1689
256,cold,True,1764701,0.204867,5455646,1775
256,cold,True,1544794,0.110273,4149647,1559
256,cold,True,1590638,0.08304,3864333,1601
256,cold,True,1702548,0.256309,5565921,1714
256,cold,True,1572537,0.092698,3934125,1581
256,cold,True,1607986,0.238226,5002640,1618
256,cold,True,1697144,0.13444,4152108,1707
256,cold,True,1627563,0.084498,3886914,1641
256,cold,True,1861184,0.200644,5937402,1872
256,cold,True,1534411,0.099468,4500922,1544
256,cold,True,1611857,0.117712,5210294,1622
256,cold,True,1630875,0.210751,5179074,1644
256,cold,True,1734247,0.242916,6273894,1745
256,cold,True,1715315,0.198444,6539843,1726
256,cold,True,1649793,0.084258,5588091,1660
256,cold,True,1713068,0.132739,5356960,1726
256,cold,True,1713933,0.111641,4940018,1727
256,cold,True,1641055,0.203363,6387429,1654
256,cold,True,1905571,0.102632,5431040,1921
256,cold,True,1694056,0.127754,5349348,1706
256,cold,True,1614129,0.183006,5006973,1624
256,cold,True,2092612,0.090031,5763631,2108
256,cold,True,1946391,0.074697,5053002,1960
256,cold,True,1774103,0.135382,4302744,1787
256,cold,True,1617274,0.247345,5005948,1629
256,cold,True,1663915,0.092707,4481185,1674
256,cold,True,5530725,0.062939,5646277,5539
256,cold,True,1793148,0.103758,4768220,1808
256,cold,True,1723452,0.081869,4602524,1738
256,cold,True,1762147,0.101111,4582013,1779
256,cold,True,1724978,0.128537,4939048,1737
256,cold,True,1614621,0.222488,5493745,1626
256,cold,True,1731004,0.234698,5664313,1741
256,cold,True,1786124,0.130634,5386985,1800
256,cold,True,1733778,0.077176,4918017,1748
256,cold,True,1540422,0.185889,5432220,1550
256,cold,True,1603034,0.115591,4132813,1615
256,cold,True,1657070,0.090381,4282213,1667
256,cold,True,1651798,0.095614,4591957,1664
256,cold,True,1977887,0.235394,6597935,1991
256,cold,True,1883290,0.121994,5420341,1899
256,cold,True,1538015,0.103949,4379109,1548
256,cold,True,1704225,0.066901,4453296,1718
256,cold,True,1644992,0.103247,3891780,1658
256,cold,True,1760250,0.126675,4976331,1776
256,cold,True,1607218,0.09404,4353340,1619
256,cold,True,1818192,0.116854,4580345,1829
256,cold,True,1877576,0.108611,4994150,1892
256,cold,True,6310551,0.196221,6628605,6322
256,cold,True,1594533,0.09513,4303261,1607
256,cold,True,1674470,0.129114,5241605,1686
256,cold,True,1926929,0.212961,6588475,1938
256,cold,True,1929427,0.084351,4991346,1940
256,cold,True,1704766,0.083103,4787691,1718
256,cold,True,1947169,0.126551,5998869,1968
256,cold,True,1938163,0.0955,5420526,1950
256,cold,True,1670627,0.090084,4905078,1683
256,cold,True,1733072,0.075682,5100712,1747
256,cold,True,1717864,0.222219,6317191,1728
256,cold,True,1532355,0.106796,4479549,1544
256,cold,True,1857139,0.085314,4958638,1871
256,cold,True,1753153,0.117683,5353456,1769
256,cold,True,1805374,0.085455,5321819,1822
256,cold,True,1570025,0.081414,4461096,1581
256,cold,True,1794385,0.088913,4925281,1805
256,cold,True,1669451,0.09381,4944547,1685
256,cold,True,1952950,0.088718,5196572,1967
256,cold,True,1984159,0.088941,5006061,2007
256,cold,True,1959509,0.221138,6613046,1972
256,cold,True,1531769,0.08221,4399766,1542
256,cold,True,1960105,0.066869,5343018,1978
1024,cold,True,1985257,0.092505,5880391,2001
1024,cold,True,1859633,0.06159,5173325,1875
1024,cold,True,2019219,0.106708,5103975,2037
1024,cold,True,1682933,0.181991,4916704,1695
1024,cold,True,1945013,0.094935,5627869,1961
1024,cold,True,1555367,0.087911,4669980,1566
1024,cold,True,2542122,0.068731,4722419,2560
1024,cold,True,1747442,0.17463,4772263,1762
1024,cold,True,1844117,0.171472,6481844,1863
1024,cold,True,1864135,0.07034,5168104,1879
1024,cold,True,1788207,0.076589,5644259,1804
1024,cold,True,1828291,0.077882,5819141,1844
1024,cold,True,1799790,0.165088,4772520,1811
1024,cold,True,1777984,0.166618,8084859,1790
1024,cold,True,1548924,0.076651,4143049,1562
1024,cold,True,1822254,0.159131,7030675,1834
1024,cold,True,1796291,0.098826,10435724,1811
1024,cold,True,2069815,0.064771,6248437,2085
1024,cold,True,1936056,0.185585,5420608,1952
1024,cold,True,1799989,0.080847,5377740,1811
1024,cold,True,2245701,0.087792,5778622,2256
1024,cold,True,1720883,0.093148,5176905,1734
1024,cold,True,1856665,0.1006,5400746,1869
1024,cold,True,1671605,0.180072,4830708,1684
1024,cold,True,2231390,0.175535,6814563,2243
1024,cold,True,1681566,0.080266,4669767,1693
1024,cold,True,1789012,0.086736,5208870,1802
1024,cold,True,22194803,0.057785,26983440,22210
1024,cold,True,1725508,0.173519,6163416,1738
1024,cold,True,1510883,0.098126,4129185,1521
1024,cold,True,2075910,0.099464,5262508,2104
1024,cold,True,1717164,0.059329,4790669,1730
1024,cold,True,1872114,0.065171,5321575,1884
1024,cold,True,1441126,0.088233,3275119,1450
1024,cold,True,1732260,0.18084,5695058,1743
1024,cold,True,1847971,0.18184,5156079,1866
1024,cold,True,1804911,0.180863,4768202,1822
1024,cold,True,1577057,0.068974,4093574,1589
1024,cold,True,1730868,0.08154,4844290,1743
1024,cold,True,1822302,0.145452,6468585,1844
1024,cold,True,1775861,0.159312,7102467,1787
1024,cold,True,1898683,0.088894,4382266,1913
1024,cold,True,1715570,0.063003,4755845,1730
1024,cold,True,1723088,0.073733,5673107,1736
1024,cold,True,1776804,0.174942,7007254,1791
1024,cold,True,1685616,0.082367,4339861,1697
1024,cold,True,1995516,0.173218,6409139,2011
1024,cold,True,2019946,0.156731,5515156,2037
1024,cold,True,1816633,0.143727,5172774,1828
1024,cold,True,2481498,0.064377,7203763,2503
1024,cold,True,1673735,0.065369,5767379,1685
1024,cold,True,2466051,0.101582,7369983,2484
1024,cold,True,2009567,0.12076,5778900,2024
1024,cold,True,1675539,0.145622,5838518,1686
1024,cold,True,2033494,0.06289,5073111,2049
1024,cold,True,1817022,0.097894,5341671,1828
1024,cold,True,1882363,0.074357,5229847,1895
1024,cold,True,1693324,0.079262,4716995,1711
1024,cold,True,1450245,0.085764,3674122,1460
1024,cold,True,1883902,0.086302,5520279,1897
1024,cold,True,1815120,0.087141,10430718,1828
1024,cold,True,1756427,0.057001,4926002,1771
1024,cold,True,1581910,0.08515,4442371,1592
1024,cold,True,1657209,0.093221,4565511,1668
1024,cold,True,1684571,0.176463,4357728,1697
1024,cold,True,2020520,0.07887,6396898,2034
1024,cold,True,1649381,0.079344,4886587,1670
1024,cold,True,1749007,0.11353,5262999,1761
1024,cold,True,1715670,0.180059,5469640,1732
1024,cold,True,2169606,0.179836,6819188,2180
1024,cold,True,1685459,0.076383,4810262,1696
1024,cold,True,2042199,0.082797,6725832,2059
1024,cold,True,1639107,0.107064,4647711,1650
1024,cold,True,2015482,0.063523,6204760,2032
1024,cold,True,1700831,0.065936,4074985,1713
1024,cold,True,2111071,0.112213,6299258,2127
1024,cold,True,1968264,0.15444,5429679,1982
1024,cold,True,1745384,0.072164,4903339,1757
1024,cold,True,1794929,0.169537,5082450,1806
1024,cold,True,1901451,0.17855,7838669,1923
1024,cold,True,1838756,0.165121,8048537,1853
1024,cold,True,1663830,0.095885,4133886,1676
1024,cold,True,1561633,0.08396,4453578,1571
1024,cold,True,1986642,0.08967,5804771,2001
1024,cold,True,1647490,0.07149,5447185,1658
1024,cold,True,1786022,0.1763,5240827,1799
1024,cold,True,1719539,0.093462,4618685,1732
1024,cold,True,1950354,0.081393,7151146,1962
1024,cold,True,1740790,0.098119,4144815,1750
1024,cold,True,1496401,0.069029,4837317,1508
1024,cold,True,1999220,0.065711,5752281,2016
1024,cold,True,1812956,0.076421,10436332,1824
1024,cold,True,1820988,0.07081,5127408,1834
1024,cold,True,1720587,0.065461,5347034,1731
1024,cold,True,1645963,0.115494,4719380,1660
1024,cold,True,1896563,0.171653,7839885,1910
1024,cold,True,1750417,0.083135,5004182,1763
1024,cold,True,1973373,0.096121,6429964,1989
1024,cold,True,1819784,0.084638,5212167,1833
1024,cold,True,1788635,0.070568,5088216,1800
1024,cold,True,1736374,0.068746,5450844,1751
1024,cold,True,1714326,0.171548,4876003,1726
1024,cold,True,1621347,0.079021,4731464,1633
1024,cold,True,1595905,0.091826,4258794,1610
1024,cold,True,1668112,0.177928,4812649,1680
1024,cold,True,1699552,0.089302,5210024,1711
1024,cold,True,2433108,0.09637,7304000,2452
1024,cold,True,1947195,0.152734,6254702,1959
1024,cold,True,1651756,0.090482,4682289,1663
1024,cold,True,1541628,0.056337,4165473,1553
1024,cold,True,1666133,0.115936,5316810,1680
1024,cold,True,1808679,0.085108,4719021,1819
1024,cold,True,1598132,0.066263,5186142,1609
1024,cold,True,1532972,0.078532,4808765,1543
1024,cold,True,1768086,0.07178,5741880,1784
1024,cold,True,1776965,0.091076,5283386,1790
1024,cold,True,1846517,0.113372,4417683,1861
1024,cold,True,1881594,0.173757,8093935,1893
1024,cold,True,1701357,0.080387,4917365,1712
1024,cold,True,1696150,0.09283,5272985,1712
1024,cold,True,1670403,0.057477,4898298,1680
1024,cold,True,2284340,0.162801,6826401,2303
1024,cold,True,1767842,0.112658,5239300,1779
1024,cold,True,1578189,0.071067,4060782,1588
1024,cold,True,1672876,0.17601,4930262,1685
1024,cold,True,1563724,0.169301,4873520,1575
1024,cold,True,1625818,0.088307,4911748,1636
1024,cold,True,1690523,0.086006,3784300,1702
1024,cold,True,2023166,0.063795,5695176,2038
1024,cold,True,1842133,0.086595,5239422,1856
1024,cold,True,1660146,0.058787,4710521,1671
1024,cold,True,2049535,0.068236,5598372,2064
1024,cold,True,1690638,0.101806,5217701,1704
1024,cold,True,1789841,0.055423,5267423,1803
1024,cold,True,1624689,0.09146,4172280,1636
1024,cold,True,1528754,0.067429,3672007,1541
1024,cold,True,1671330,0.162592,4884000,1682
1024,cold,True,1970692,0.138721,6031186,1982
1024,cold,True,1782993,0.074369,5267913,1797
1024,cold,True,1651363,0.178508,4376152,1661
1024,cold,True,2269270,0.171509,6977350,2282
1024,cold,True,1700969,0.180745,5504739,1714
1024,cold,True,1726519,0.088747,5038561,1737
1024,cold,True,1663112,0.071382,5187214,1678
1024,cold,True,1675215,0.07825,4663933,1685
1024,cold,True,2198540,0.166563,6999043,2215
1024,cold,True,1650405,0.092776,4705049,1664
1024,cold,True,1763488,0.153404,5456066,1778
1024,cold,True,1669096,0.071003,3756314,1681
1024,cold,True,1692974,0.084266,4353221,1707
1024,cold,True,1880873,0.088085,5281099,1894
1024,cold,True,1740180,0.127121,4853912,1765
1024,cold,True,1669818,0.073794,4953151,1681
1024,cold,True,1977703,0.067141,5965103,1996
1024,cold,True,1835610,0.086455,5374031,1849
1024,cold,True,1633954,0.092458,4401559,1646
1024,cold,True,1733355,0.124737,4953015,1747
1024,cold,True,2068523,0.07093,6197574,2083
1024,cold,True,1680483,0.086336,5027923,1693
1024,cold,True,1738279,0.066737,4656852,1754
1024,cold,True,1698671,0.071347,4745600,1713
1024,cold,True,1625343,0.181871,4363643,1637
1024,cold,True,1510976,0.064737,4200704,1521
1024,cold,True,1820024,0.170236,6890008,1837
1024,cold,True,1488151,0.079127,4113597,1498
1024,cold,True,1867054,0.092232,6484785,1878
1024,cold,True,2158848,0.165905,6963611,2175
1024,cold,True,1798287,0.050659,1902337,1807
1024,cold,True,1809783,0.083331,2051616,1817
1024,cold,True,1848306,0.069658,5020230,1864
1024,cold,True,2065604,0.083814,6135343,2084
1024,cold,True,1746969,0.178968,4871420,1758
1024,cold,True,1528764,0.084913,4532852,1538
1024,cold,True,1764082,0.07906,5644363,1778
1024,cold,True,1835992,0.069562,5535402,1849
1024,cold,True,1869745,0.080492,5185825,1903
1024,cold,True,1637435,0.084511,4590627,1651
1024,cold,True,1636313,0.087938,4708010,1650
1024,cold,True,1643693,0.156173,5641462,1654
1024,cold,True,1550600,0.065198,4001802,1561
1024,cold,True,1808900,0.079323,5177610,1819
1024,cold,True,1705154,0.0672,4740026,1717
1024,cold,True,1736501,0.111255,4729899,1749
1024,cold,True,3259642,0.137075,3541674,3272
1024,cold,True,1688997,0.071366,5258568,1700
1024,cold,True,1767368,0.067157,4695052,1783
1024,cold,True,1548225,0.09811,4361271,1560
1024,cold,True,1800450,0.063024,5635997,1812
1024,cold,True,1697984,0.078374,5073727,1711
1024,cold,True,1685305,0.083367,4277943,1697
1024,cold,True,1925385,0.05492,6345369,1940
1024,cold,True,1696382,0.180099,4878854,1706
1024,cold,True,1830919,0.165037,6157190,1844
1024,cold,True,1826712,0.081787,5265892,1838
1024,cold,True,1663574,0.105621,4850871,1676
1024,cold,True,1705297,0.122787,5038410,1716
1024,cold,True,1921045,0.142996,4356156,1934
1024,cold,True,1863103,0.089023,5083838,1877
1024,cold,True,1748717,0.076841,5449867,1763
1024,cold,True,2143055,0.17894,6819934,2154
128,warm,False,2538455,0.077913,2696271,2574
128,warm,False,2692442,0.085503,2933946,2798
128,warm,False,2599649,0.08397,2885981,2761
128,warm,False,2277356,0.072225,2441650,2321
128,warm,False,2382933,0.084661,2527296,2394
128,warm,False,2620810,0.06943,2792092,2681
128,warm,False,2319819,0.109734,2514469,2325
128,warm,False,2522172,0.07476,2721249,2599
128,warm,False,2718466,0.118755,2968799,2799
128,warm,False,2699848,0.123067,2885019,2706
128,warm,False,2495236,0.096025,2648141,2500
128,warm,False,2581251,0.086003,2773928,2645
128,warm,False,2341565,0.090264,2483479,2349
128,warm,False,2144846,0.069836,2337187,2152
128,warm,False,2386534,0.083188,2522380,2392
128,warm,False,2678830,0.073155,2819805,2703
128,warm,False,2801074,0.070346,2955156,2841
128,warm,False,2531396,0.075446,2658877,2540
128,warm,False,2523346,0.087654,2793834,2587
128,warm,False,2511336,0.063943,2667806,2519
128,warm,False,2103123,0.063959,2217153,2110
128,warm,False,2448548,0.07258,2589865,2472
128,warm,False,2515183,0.082999,2691526,2561
128,warm,False,2441476,0.097587,2590157,2448
128,warm,False,2228170,0.082529,2465893,2331
128,warm,False,2406323,0.102752,2640350,2486
128,warm,False,2400658,0.088349,2542510,2406
128,warm,False,2192466,0.092616,2337691,2201
128,warm,False,2379040,0.085902,2577410,2441
128,warm,False,1967006,0.087834,2166659,2024
128,warm,False,2259528,0.109426,2553178,2361
128,warm,False,2466060,0.085136,2671886,2532
128,warm,False,2251358,0.09435,2404470,2266
128,warm,False,2410780,0.09162,2828648,2618
128,warm,False,2345590,0.061665,2459792,2352
128,warm,False,2385949,0.08398,2520177,2392
128,warm,False,2451351,0.089139,2703932,2568
128,warm,False,2406369,0.117434,2627796,2445
128,warm,False,2613534,0.080903,2760286,2632
128,warm,False,2591056,0.090826,2731069,2598
128,warm,False,2522234,0.111972,2693987,2529
128,warm,False,2465732,0.078318,2598442,2473
128,warm,False,2571961,0.090572,2713104,2578
128,warm,False,2439279,0.09215,2586911,2446
128,warm,False,2416005,0.080452,2589443,2462
128,warm,False,2516304,0.094892,2665013,2522
128,warm,False,2785146,0.096285,2936840,2792
128,warm,False,2299673,0.066561,2488695,2369
128,warm,False,2592147,0.065286,2715021,2604
128,warm,False,2495233,0.103558,2658901,2502
128,warm,False,2529869,0.086589,2716225,2580
128,warm,False,1980218,0.102373,2194128,2043
128,warm,False,2388422,0.083962,2683987,2550
128,warm,False,2294530,0.078108,2481376,2301
128,warm,False,2203906,0.104975,2406620,2247
128,warm,False,2714468,0.115171,2879294,2721
128,warm,False,2404992,0.064912,2716567,2608
128,warm,False,2508877,0.077644,2851402,2725
128,warm,False,2318227,0.072168,2489337,2372
128,warm,False,2429502,0.080736,2568902,2441
128,warm,False,2339207,0.107027,2596819,2444
128,warm,False,1922305,0.066353,2165151,1932
128,warm,False,2373966,0.072638,2499635,2379
128,warm,False,2358514,0.070693,2478315,2364
128,warm,False,2307650,0.089431,2459922,2319
128,warm,False,2315659,0.103353,2479662,2321
128,warm,False,2138729,0.086248,2280735,2143
128,warm,False,2176029,0.09431,2321361,2181
128,warm,False,2363710,0.101481,2527565,2369
128,warm,False,2523488,0.071836,2651426,2532
128,warm,False,2575604,0.098171,2727678,2584
128,warm,False,2444540,0.09008,2591040,2452
128,warm,False,2557025,0.088441,2701734,2563
128,warm,False,2518708,0.07526,2672293,2553
128,warm,False,2376736,0.082393,2518949,2384
128,warm,False,2519449,0.069916,2729555,2615
128,warm,False,2578934,0.065793,2700287,2585
128,warm,False,2214172,0.076261,2339882,2221
128,warm,False,2307103,0.087951,2501290,2313
128,warm,False,2019094,0.077072,2217164,2097
128,warm,False,2342680,0.069325,2461480,2349
128,warm,False,2398137,0.067408,2519439,2404
128,warm,False,2204511,0.076335,2501227,2369
128,warm,False,2286726,0.100769,2445580,2300
128,warm,False,2451250,0.087493,2601517,2458
128,warm,False,2333788,0.083624,2470076,2341
128,warm,False,2212253,0.08942,2355796,2218
128,warm,False,2470696,0.067631,2611123,2497
128,warm,False,2301277,0.079554,2438768,2308
128,warm,False,2173661,0.058294,2285683,2182
128,warm,False,2526021,0.083219,2744873,2610
128,warm,False,2512676,0.086396,2837636,2702
128,warm,False,2480122,0.081673,2617594,2485
128,warm,False,2438355,0.095978,2585460,2445
128,warm,False,2433512,0.10877,2682889,2528
128,warm,False,2420280,0.088151,2621393,2488
128,warm,False,2548429,0.095239,2705710,2556
128,warm,False,2725392,0.051336,2828713,2732
128,warm,False,2466319,0.111801,2640764,2482
128,warm,False,2570407,0.110769,2734850,2577
128,warm,False,2631475,0.089955,2879372,2639
128,warm,False,2630774,0.093116,2777809,2638
128,warm,False,3174916,0.078843,3353288,3228
128,warm,False,2328859,0.068645,2531780,2421
128,warm,False,2775157,0.074769,2899594,2780
128,warm,False,2696024,0.07272,2820550,2703
128,warm,False,2428124,0.084632,2567030,2435
128,warm,False,2313359,0.056935,2504718,2396
128,warm,False,2071752,0.066712,2243971,2125
128,warm,False,2207153,0.094017,2356682,2214
128,warm,False,2206490,0.072745,2354089,2237
128,warm,False,2528398,0.082206,2950843,2823
128,warm,False,2538603,0.066694,2657501,2545
128,warm,False,2230334,0.093123,2396481,2258
128,warm,False,2227084,0.081866,2543095,2413
128,warm,False,2481308,0.074745,2645665,2524
128,warm,False,2241575,0.070817,2366692,2250
128,warm,False,2741153,0.088995,2887663,2749
128,warm,False,2215665,0.095296,2455065,2310
128,warm,False,2563053,0.062985,2674820,2568
128,warm,False,2170979,0.089408,2312505,2177
128,warm,False,2304944,0.103791,2479566,2310
128,warm,False,2153830,0.090143,2291207,2159
128,warm,False,2756251,0.089637,2952243,2763
128,warm,False,2195575,0.093066,2358325,2220
128,warm,False,2305346,0.082561,2541478,2407
128,warm,False,2297688,0.091635,2451574,2304
128,warm,False,2502592,0.093255,2692028,2509
128,warm,False,2174139,0.086789,2368457,2222
128,warm,False,2593210,0.090408,2744032,2603
128,warm,False,2409433,0.103778,2617760,2471
128,warm,False,2243331,0.071481,2367527,2251
128,warm,False,2291340,0.070037,2525928,2411
128,warm,False,2477597,0.060405,2622661,2516
128,warm,False,2410889,0.079927,2550945,2420
128,warm,False,2293825,0.078144,2421502,2299
128,warm,False,2294989,0.094972,2445990,2301
128,warm,False,3059147,0.088754,3202768,3065
128,warm,False,2500880,0.077552,2640918,2507
128,warm,False,2110853,0.100647,2262394,2118
128,warm,False,2622457,0.080966,2804048,2629
128,warm,False,2581811,0.094747,2807983,2668
128,warm,False,2413978,0.097979,2560250,2421
128,warm,False,2408308,0.096928,2608912,2416
128,warm,False,2194962,0.071726,2397736,2280
128,warm,False,2539070,0.073118,2664604,2545
128,warm,False,2514552,0.093031,2679562,2535
128,warm,False,2706971,0.095224,2920293,2777
128,warm,False,2480453,0.093678,2626825,2487
128,warm,False,2975810,0.094081,3127331,2982
128,warm,False,2180507,0.077046,2361579,2239
128,warm,False,2498677,0.07875,2632267,2507
128,warm,False,2737617,0.094815,2975247,2833
128,warm,False,2450285,0.07302,2577754,2458
128,warm,False,2244395,0.089642,2396080,2252
128,warm,False,2414672,0.096088,2625942,2485
128,warm,False,2151741,0.09184,2324162,2160
128,warm,False,2401016,0.073898,2613126,2495
128,warm,False,2480124,0.084246,2765369,2632
128,warm,False,2579363,0.069605,2698034,2584
128,warm,False,2310827,0.097741,2465898,2318
128,warm,False,2472749,0.074416,2916847,2777
128,warm,False,2693545,0.070014,2816466,2700
128,warm,False,2889487,0.082506,3086476,2958
128,warm,False,2467824,0.083433,2610458,2476
128,warm,False,2695998,0.087562,2837192,2702
128,warm,False,2774399,0.071395,2901042,2782
128,warm,False,2421143,0.081426,2572995,2428
128,warm,False,2378001,0.073397,2659212,2480
128,warm,False,1999081,0.083041,2303230,2008
128,warm,False,2384076,0.080545,2516593,2391
128,warm,False,2252461,0.084563,2392305,2258
128,warm,False,2322510,0.102445,2481462,2334
128,warm,False,2468917,0.084849,2644528,2500
128,warm,False,2688787,0.091365,2937989,2801
128,warm,False,2768708,0.10721,2927437,2776
128,warm,False,2585338,0.082976,2826442,2691
128,warm,False,2579074,0.075915,2800691,2672
128,warm,False,2531546,0.073316,2661090,2546
128,warm,False,2354749,0.095544,2534608,2394
128,warm,False,2488828,0.07199,2612391,2495
128,warm,False,2710187,0.06578,2900275,2787
128,warm,False,2380545,0.082002,2735320,2606
128,warm,False,2735170,0.073699,2861935,2742
128,warm,False,2466751,0.113824,2793559,2472
128,warm,False,2625177,0.090649,2765258,2630
128,warm,False,2584681,0.085105,2720590,2592
128,warm,False,2569233,0.089223,2723893,2584
128,warm,False,2489086,0.076964,2671891,2552
128,warm,False,2523401,0.066849,2700652,2587
128,warm,False,2605429,0.086259,2758505,2623
128,warm,False,2672375,0.083529,2905735,2778
128,warm,False,2885133,0.113648,3058790,2891
128,warm,False,2532151,0.079496,2855708,2723
128,warm,False,2777391,0.0787,2959608,2827
128,warm,False,2298292,0.100383,2484203,2339
128,warm,False,2307235,0.081385,2444229,2312
128,warm,False,2275130,0.07593,2406133,2281
128,warm,False,2320249,0.110118,2481663,2328
128,warm,False,2419541,0.064157,2531425,2425
128,warm,False,2076365,0.080964,2302309,2173
128,warm,False,2707106,0.084238,2846609,2720
128,warm,False,2685625,0.119802,2874105,2692
128,warm,False,2601758,0.083333,2931434,2797
128,warm,False,2696879,0.08762,2959445,2830
128,warm,False,2543666,0.086111,2690663,2552
128,warm,False,2454714,0.083631,2605610,2474
128,warm,False,2510980,0.074276,2641903,2517
128,warm,False,2444657,0.088779,2703809,2564
128,warm,False,2626311,0.114557,2798087,2634
128,warm,False,2427193,0.078443,2560811,2432
128,warm,False,2259218,0.078976,2396855,2265
128,warm,False,2197549,0.066999,2486771,2372
128,warm,False,2606795,0.070579,2757517,2614
128,warm,False,2012222,0.079396,2163246,2021
128,warm,False,2422092,0.080294,2570656,2427
128,warm,False,2513901,0.08825,2733833,2599
128,warm,False,2727046,0.067525,2842011,2733
128,warm,False,2382163,0.08789,2527350,2390
128,warm,False,2350787,0.069666,2469376,2357
128,warm,False,2366982,0.074497,2506228,2385
128,warm,False,2787913,0.090982,2933173,2800
128,warm,False,2576621,0.071149,2870158,2677
128,warm,False,2322951,0.090885,2666655,2526
128,warm,False,2215317,0.102824,2368456,2221
128,warm,False,2713330,0.100276,2868666,2720
128,warm,False,2536685,0.064124,2685252,2575
128,warm,False,2444239,0.084613,2615970,2488
128,warm,False,2595706,0.079523,2775529,2644
128,warm,False,2389558,0.066331,2603487,2396
128,warm,False,2540172,0.048661,2633705,2546
128,warm,False,2563129,0.084558,2779661,2646
128,warm,False,2448730,0.070007,2635132,2522
128,warm,False,2499953,0.105703,2662235,2508
128,warm,False,2734852,0.104638,2938323,2789
128,warm,False,2682305,0.095355,2836835,2691
128,warm,False,2695596,0.111224,2864678,2708
128,warm,False,2336638,0.100139,2504899,2342
128,warm,False,2749380,0.075202,2874094,2757
128,warm,False,2418390,0.079507,2651040,2425
128,warm,False,2069374,0.075336,2264788,2144
128,warm,False,2578990,0.075154,2969969,2784
128,warm,False,2108038,0.075116,2397385,2281
128,warm,False,2151206,0.097038,2304816,2159
128,warm,False,2523100,0.093991,2678627,2536
