memory,type,is_cold,exec_time,connection_time,client_time,provider_time,mem_used
0,burst,False,583768,0.294725,46879678,45747645,
0,burst,False,472917,0.30866,38976017,20946222,
0,burst,False,461309,0.292502,38222719,36858047,
0,burst,False,581357,0.286424,34380532,33412778,
0,burst,False,594697,0.280791,50807034,26003469,
0,burst,True,24221848,0.31664,54676002,24350868,
0,burst,True,22802294,0.719143,43159772,22898379,
0,burst,False,487104,0.29886,37518134,19568068,
0,burst,False,557832,0.3183,42819546,41528571,
0,burst,True,24198292,0.332761,51807761,24368053,
0,burst,False,462468,0.270453,32824848,31605140,
0,burst,False,440532,0.264362,33233302,32038829,
0,burst,False,638756,0.320981,30810310,29955998,
0,burst,False,554057,0.300577,44729426,43591372,
0,burst,False,590367,0.307354,40551509,39365242,
0,burst,False,576146,0.278286,52002166,27155744,
0,burst,False,457933,0.309296,28322357,27277986,
0,burst,False,575688,0.285462,31512180,30525284,
0,burst,False,588029,0.272034,48113659,46867706,
0,burst,False,611149,0.727641,23498180,22134052,
0,burst,False,587987,0.329179,32431547,31342516,
0,burst,False,573768,0.35129,43020523,41917225,
0,burst,False,698036,0.322552,38715002,37611790,
0,burst,False,436916,0.301624,31803393,30766428,
0,burst,False,570111,0.32843,25397881,21955519,
0,burst,False,581653,0.297591,26422208,25539392,
0,burst,False,567175,0.258024,37843507,32957672,
0,burst,False,443741,0.305334,25940158,25074195,
0,burst,False,613477,0.328371,29707621,28691353,
0,burst,False,441091,0.308469,27305376,26399668,
0,burst,False,575084,0.310088,49730796,48322569,
0,burst,False,563245,0.341208,46900304,45486938,
0,burst,False,449790,0.319603,29147000,28174819,
0,burst,False,574568,0.324742,44863820,43588774,
0,burst,False,619885,0.293943,31297735,30177449,
0,burst,False,604538,0.298939,35037488,34017493,
0,burst,False,592452,0.315481,28255366,24826607,
0,burst,False,559932,0.302596,38890936,34053148,
0,burst,False,575696,0.31687,41758542,40428074,
0,burst,False,592421,0.286515,24761538,21397908,
0,burst,False,568281,0.330411,38500777,37134001,
0,burst,False,594436,0.299734,33779103,32838112,
0,burst,False,554203,0.287056,36008670,31297510,
0,burst,False,604750,0.297104,29078332,28092077,
0,burst,False,563045,0.282692,45281315,22313769,
0,burst,False,561933,0.307557,35474268,30761303,
0,burst,False,562380,0.279665,25992710,22525898,
0,burst,True,23628211,0.279563,24057183,23712775,
0,burst,False,574846,0.338639,28046657,27135323,
0,burst,False,458175,0.300637,38674529,37294377,
0,burst,False,576552,0.314944,34185157,33048240,
0,burst,False,565674,0.343556,44038600,42628963,
0,burst,False,469678,0.266538,19308921,18581633,
0,burst,False,585339,0.302734,25991466,24972214,
0,burst,False,587739,0.272995,45856275,22903932,
0,burst,False,563046,0.247718,31084464,26383520,
0,burst,False,581972,0.300499,39946341,38727931,
0,burst,False,583273,0.273319,46465720,45103559,
0,burst,True,24710410,0.284339,25192530,24806539,
0,burst,False,558492,0.303057,42371089,37283990,
0,burst,False,608760,0.343934,33381140,32275532,
0,burst,False,546001,0.29118,32736348,28023758,
0,burst,False,573708,0.342949,40135444,39024640,
0,burst,False,622695,0.335506,50401600,25403433,
0,burst,False,603929,0.277821,42980967,41728415,
0,burst,False,561652,0.341017,30922180,29954613,
0,burst,False,581883,0.337298,41973059,40797524,
0,burst,False,541683,0.290553,39923149,35085337,
0,burst,False,459972,0.293914,23817700,22861562,
0,burst,False,437523,0.302309,26480442,25530170,
0,burst,False,560494,0.285466,34348128,29668574,
0,burst,False,594720,0.298325,47526178,46298865,
0,burst,False,455138,0.290031,22755339,21978311,
0,burst,False,589414,0.282503,27605699,24226012,
0,burst,False,442399,0.310673,31393269,30340715,
0,burst,False,570380,0.341221,45461883,44152471,
0,burst,False,569101,0.338052,27432912,26582017,
0,burst,False,562889,0.306936,38881791,37595701,
0,burst,False,563763,0.352392,26831858,26018343,
0,burst,False,461826,0.308412,28736266,27745608,
0,burst,False,599663,0.324184,41365068,40223966,
0,burst,False,583674,0.323319,51617609,26598173,
0,burst,False,565499,0.325034,44633922,43183492,
0,burst,False,598350,0.292814,31910933,30781078,
0,burst,False,646149,0.294683,28460487,27506217,
0,burst,False,598393,0.751942,43681517,23438094,
0,burst,False,566370,0.341065,25661944,24935456,
0,burst,False,561302,0.285046,29298366,25940098,
0,burst,False,550319,0.324316,39403688,34582563,
0,burst,False,569582,0.315236,43407764,38425119,
0,burst,False,571703,0.345874,43624444,42476926,
0,burst,True,22957548,0.303793,23552452,23064930,
0,burst,False,567919,0.325819,27240442,23658113,
0,burst,False,611795,0.279586,42367551,41132799,
0,burst,False,547928,0.781799,26362494,24922541,
0,burst,False,610708,0.265041,36139156,35200868,
0,burst,False,583859,0.2987,33757893,32501308,
0,burst,False,624268,0.321147,30096370,29013468,
0,burst,False,581418,0.33712,25184203,24357384,
0,burst,False,547609,0.301114,35007792,30208593,
0,burst,False,556363,0.333639,32143618,31136858,
0,burst,False,584246,0.342846,44231236,43050442,
0,burst,False,622771,0.283337,26403334,25595857,
0,burst,False,567672,0.277925,44710015,21771327,
0,burst,False,592105,0.844914,28210512,26616041,
0,burst,False,422623,0.275749,22382717,21532723,
0,burst,False,568619,0.259765,26589039,23118484,
0,burst,False,564361,0.34178,26421451,25503575,
0,burst,False,601545,0.284815,25249350,24424020,
0,burst,False,665166,0.325692,30324891,29341232,
0,burst,False,573084,0.330452,36659531,35370627,
0,burst,True,19023110,0.296391,37083259,19131117,
0,burst,False,555791,0.303194,38502928,33508374,
0,burst,False,474410,0.272379,20539395,19749230,
0,burst,False,641661,0.317949,24777096,23815618,
0,burst,False,557856,0.332769,46406922,45224278,
0,burst,False,567368,0.33858,30301001,29411542,
0,burst,False,578569,0.336396,33790777,32843596,
0,burst,False,552053,0.286663,30097541,25295673,
0,burst,False,590749,0.354198,39532065,38455335,
0,burst,False,599962,0.295804,49337116,48032613,
0,burst,False,762710,0.317433,44243734,43051451,
0,burst,False,548062,0.27213,45013149,40023006,
0,burst,False,571729,0.793896,27593752,26043612,
0,burst,False,596537,0.31863,52224176,50909700,
0,burst,False,690339,0.343266,52423745,25009521,
0,burst,False,549470,0.260324,47276071,42245525,
0,burst,False,594445,0.764013,25339092,23819233,
0,burst,False,564605,0.282978,47883078,42792073,
0,burst,False,607046,0.324806,39341370,38212567,
0,burst,False,594190,0.332874,28264211,27250005,
0,burst,False,592620,0.338029,35435738,34254191,
0,burst,False,576543,0.314166,51217708,49758430,
0,burst,False,682448,0.312423,55287209,24980811,
0,burst,False,578362,0.304736,32568525,31679768,
0,burst,False,594720,0.278979,32762973,31690937,
0,burst,False,461268,0.312062,38155344,20030726,
0,burst,False,460591,0.273386,33646995,32483967,
0,burst,False,482353,0.263626,36923178,35494955,
0,burst,False,582286,0.325369,40742517,39309880,
0,burst,True,18265282,0.262418,18692687,18349650,
0,burst,False,476979,0.317806,37769455,36410412,
0,burst,False,581078,0.295308,56337043,26128118,
0,burst,False,591736,0.300276,33165698,32267108,
0,burst,False,621268,0.316624,53657722,26276967,
0,burst,False,576407,0.301025,29120492,28285274,
0,burst,False,581631,0.289238,27001606,26087859,
0,burst,False,547892,0.353666,48746670,47423772,
0,burst,False,550991,0.287468,41129243,36239764,
0,burst,False,571820,0.347474,42595982,41350486,
0,burst,False,558184,0.320718,36653595,31851947,
0,burst,False,591403,0.285597,51613956,50332558,
0,burst,False,557987,0.321567,49185957,47760283,
0,burst,False,539468,0.286981,46393835,23453414,
0,burst,False,561126,0.311199,42786576,37820080,
0,burst,False,588918,0.299363,23953850,23369953,
0,burst,False,650764,0.275737,27230498,26250082,
0,burst,False,581327,0.748315,25749084,24380933,
0,burst,False,575261,0.315925,48720106,47226160,
0,burst,False,472590,0.272148,36343066,35037538,
0,burst,False,463718,0.273704,37332355,35944451,
0,burst,False,550411,0.349218,47548632,46325178,
0,burst,False,575235,0.345981,37275277,36208872,
0,burst,False,617809,0.291688,27845338,26843311,
0,burst,False,595913,0.334,28661665,27724428,
0,burst,False,600267,0.323015,29402399,28385430,
0,burst,False,553986,0.278194,44397634,39467236,
0,burst,False,449621,0.300091,25046945,24184802,
0,burst,True,24728167,0.288425,49630822,24813973,
0,burst,False,607051,0.305409,45843112,44361823,
0,burst,False,564747,0.3087,37865098,36482632,
0,burst,False,573503,0.336508,38493765,37312397,
0,burst,False,446444,0.28802,35482423,34225696,
0,burst,False,562163,0.293989,45859474,44700373,
0,burst,False,580107,0.322601,36031070,34805182,
0,burst,False,568237,0.344804,43425874,42086591,
0,burst,False,587054,0.324204,40561477,35684828,
0,burst,False,588184,0.279517,41753230,40557972,
0,burst,False,561507,0.297025,45523656,40575651,
0,burst,False,561070,0.756825,24109197,22688337,
0,burst,False,580751,0.28072,43606088,42298023,
0,burst,False,566237,0.324241,36654149,35603218,
0,burst,False,578844,0.241426,55867309,25531118,
0,burst,False,943890,0.259996,45685219,44544518,
0,burst,False,620425,0.270785,23733317,20221580,
0,burst,False,624299,0.343021,54273694,26889496,
0,burst,False,441300,0.30944,35899206,34582900,
0,burst,False,576714,0.326767,39515854,38162924,
0,burst,True,21934452,0.717439,23088934,22022414,
0,burst,False,567096,0.3508,48128132,46901618,
0,burst,False,606825,0.295403,36748777,35769347,
0,burst,False,546184,0.273596,44002037,38944509,
0,burst,False,555563,0.251311,33952265,29127951,
0,burst,False,613896,0.315944,47448264,46076259,
0,burst,False,565915,0.347522,35634443,34508586,
0,burst,False,556624,0.295227,46979088,45800362,
0,burst,False,440422,0.275773,19726226,18828750,
0,burst,False,654198,0.282397,25805677,25222341,
0,burst,False,443283,0.292846,23202497,22406561,
0,burst,False,582250,0.330537,36243134,35101190,
0,burst,False,601800,0.272388,57118230,26720775,
0,burst,False,621248,0.339912,31416686,30562473,
0,burst,False,560071,0.309075,42366862,40973057,
0,burst,False,640208,0.297137,53035845,25649581,
0,burst,False,588556,0.303262,38084394,36920315,
0,burst,False,603649,0.294401,27612026,26678381,
0,burst,False,572489,0.761918,24726249,23254133,
0,burst,False,564205,0.294285,37246422,32398177,
0,burst,False,588972,0.325872,30715512,29581396,
0,burst,False,572514,0.345994,24581826,23803908,
0,burst,False,575393,0.343237,37882616,36757818,
0,burst,False,592765,0.309495,48095832,46659179,
0,burst,False,604909,0.329179,40745185,39628256,
0,burst,False,458287,0.274502,21562641,20668555,
0,burst,False,569367,0.323052,46896350,41702985,
0,burst,False,445601,0.291003,24227823,23297475,
0,burst,False,578183,0.353193,39121648,37890601,
0,burst,False,474301,0.3053,26891254,25981213,
0,burst,False,583652,0.291272,48720992,47477152,
0,burst,False,566006,0.271673,33338133,28587831,
0,burst,False,447583,0.288661,29566842,28611343,
0,burst,False,567486,0.31019,45231765,43736685,
0,burst,False,448404,0.273835,30454484,29449700,
0,burst,False,583196,0.285051,37085414,35917448,
0,burst,False,449663,0.308385,34677509,33348379,
0,burst,False,458158,0.280304,34258908,32920554,
0,burst,False,550892,0.286797,28838600,25382857,
0,burst,False,476396,0.282795,35080234,33808449,
0,burst,False,562815,0.351969,29699643,28848308,
0,burst,False,576309,0.283072,49953272,48582048,
0,burst,False,457959,0.315533,38568832,20487574,
0,burst,False,584380,0.299688,46342943,44929486,
0,burst,False,562874,0.278683,31707548,26934184,
0,burst,False,578656,0.272796,24138150,20798072,
0,burst,False,453433,0.305849,27914612,26840400,
0,burst,False,455673,0.281929,21980590,21118675,
0,burst,False,569711,0.344744,35019602,33953284,
0,burst,False,590536,0.301583,35640163,34614092,
0,burst,False,592824,0.286041,39916675,38793624,
0,burst,False,609031,0.327046,34809632,33665894,
0,burst,False,477057,0.293933,24638887,23759793,
0,burst,False,564658,0.311092,41138673,39854379,
0,burst,False,560708,0.299593,46229110,41128339,
0,burst,False,599752,0.305583,37694966,36339373,
0,burst,False,563792,0.278393,32116949,27485030,
0,burst,False,568733,0.34008,34404342,33395177,
0,burst,False,615728,0.291423,50420836,49181732,
0,burst,False,557286,0.28403,41611530,36744202,
0,burst,True,21126937,0.310931,44240033,21235896,
0,burst,False,587389,0.310511,32998045,31913575,
0,burst,False,596410,0.321341,41068808,39980352,
0,burst,False,433524,0.315231,30019512,29058922,
0,burst,False,462287,0.305084,25504511,24646555,
0,burst,True,22605342,0.284955,23143015,22665864,
0,burst,False,553300,0.310437,30500589,25830861,
0,burst,False,574628,0.792066,27184652,25501007,
0,burst,False,579239,0.296609,28842357,27825661,
0,burst,False,431612,0.318553,32422778,31164036,
0,burst,False,450079,0.304125,30990279,29915232,
0,burst,False,485252,0.271308,20980438,20248223,
0,burst,False,575580,0.316502,31996454,31126612,
0,burst,False,463721,0.270076,19991028,19278955,
0,sequential,False,584562,0.115319,814263,0,
0,sequential,False,584469,0.160674,815791,0,
0,sequential,False,578318,0.119198,817933,591651,
0,sequential,False,2206365,0.12298,2451770,0,
0,sequential,False,585944,0.147596,814423,601219,
0,sequential,False,568197,0.122918,815970,0,
0,sequential,False,541245,0.136978,815166,0,
0,sequential,False,586770,0.134524,815906,0,
0,sequential,False,543975,0.142734,889203,553846,
0,sequential,False,569422,0.125002,821673,0,
0,sequential,False,575635,0.115751,815608,589349,
0,sequential,False,547199,0.137146,815124,559799,
0,sequential,False,668514,0.140478,1020133,678297,
0,sequential,False,575364,0.135785,815434,0,
0,sequential,False,577686,0.132514,763418,594602,
0,sequential,False,559125,0.119981,740814,0,
0,sequential,False,550650,0.137812,814860,561290,
0,sequential,False,573529,0.128293,764760,0,
0,sequential,False,556961,0.141295,747425,0,
0,sequential,False,586544,0.125415,813755,0,
0,sequential,False,543746,0.13214,729844,558980,
0,sequential,False,563645,0.115736,816266,577630,
0,sequential,False,561204,0.115774,725948,571838,
0,sequential,False,582881,0.131463,814968,592507,
0,sequential,False,579756,0.15865,817728,0,
0,sequential,False,559054,0.172941,814981,572446,
0,sequential,False,546629,0.122346,782903,558638,
0,sequential,False,550164,0.127837,815479,562262,
0,sequential,False,573626,0.132715,813036,589237,
0,sequential,False,561828,0.11876,823064,0,
0,sequential,False,577872,0.124055,814346,589194,
0,sequential,False,570754,0.119252,813515,0,
0,sequential,False,575577,0.149402,820715,0,
0,sequential,False,550305,0.117581,818948,561709,
0,sequential,False,599202,0.12323,813687,0,
0,sequential,False,572115,0.137583,813926,584045,
0,sequential,False,564224,0.123067,863915,0,
0,sequential,False,570847,0.139341,800337,0,
0,sequential,False,555608,0.143082,813245,0,
0,sequential,False,553577,0.117479,813462,0,
0,sequential,False,554174,0.117976,722966,0,
0,sequential,False,543595,0.123022,817482,0,
0,sequential,False,546406,0.129421,814404,0,
0,sequential,False,568549,0.130009,753323,580928,
0,sequential,False,560615,0.13456,814942,0,
0,sequential,False,571890,0.132624,815938,587327,
0,sequential,False,3394897,0.143085,3681615,0,
0,sequential,False,2759249,0.139124,3067178,0,
0,sequential,False,550881,0.14179,814535,567142,
0,sequential,False,545464,0.131968,813547,0,
0,sequential,False,646028,0.133313,1020803,657888,
0,sequential,False,551314,0.113167,816137,563942,
0,sequential,False,552250,0.119716,820750,0,
0,sequential,False,567788,0.153867,817642,0,
0,sequential,False,559661,0.120048,734082,0,
0,sequential,False,575326,0.127161,816256,589069,
0,sequential,False,1609437,0.125401,1840051,0,
0,sequential,False,563422,0.129867,815123,0,
0,sequential,False,576393,0.148466,814735,591850,
0,sequential,False,581370,0.140065,813279,598288,
0,sequential,False,620977,0.134786,814753,0,
0,sequential,False,593500,0.150972,816131,0,
0,sequential,False,572519,0.147398,771858,0,
0,sequential,False,577343,0.117276,754341,586678,
0,sequential,False,547284,0.107037,699197,0,
0,sequential,False,551189,0.129743,814705,564281,
0,sequential,False,570198,0.137482,952846,587144,
0,sequential,False,583860,0.137148,815069,595742,
0,sequential,False,563729,0.135144,814165,0,
0,sequential,False,558233,0.121352,818424,0,
0,sequential,False,564210,0.12867,745826,575818,
0,sequential,False,575265,0.128811,817255,0,
0,sequential,False,587469,0.132674,814567,0,
0,sequential,False,576728,0.155059,814937,592960,
0,sequential,False,550545,0.133598,899575,0,
0,sequential,False,577121,0.111012,813792,0,
0,sequential,False,554701,0.130487,816086,0,
0,sequential,False,546019,0.116943,814531,561741,
0,sequential,False,584735,0.140721,814960,0,
0,sequential,False,557074,0.136089,815119,569048,
0,sequential,False,554778,0.125026,816812,569534,
0,sequential,False,578497,0.152883,813859,594144,
0,sequential,False,565472,0.150656,814151,575532,
0,sequential,False,559727,0.124855,738053,0,
0,sequential,False,558506,0.127665,815816,0,
0,sequential,False,1593381,0.133718,1838287,0,
0,sequential,False,575756,0.130354,814276,587943,
0,sequential,False,548155,0.225166,1019565,563153,
0,sequential,False,558547,0.129821,874228,0,
0,sequential,False,579575,0.118673,816379,0,
0,sequential,False,531963,0.117174,818444,546516,
0,sequential,False,558985,0.122249,825377,570539,
0,sequential,False,551385,0.134485,813808,0,
0,sequential,False,562608,0.131192,1018808,574379,
0,sequential,False,576750,0.13122,814951,591995,
0,sequential,False,568581,0.122977,814404,0,
0,sequential,False,561392,0.127849,814952,574551,
0,sequential,False,593802,0.137801,815482,609904,
0,sequential,False,579601,0.127454,816131,0,
0,sequential,False,561418,0.123357,1022915,0,
0,sequential,False,617554,0.140499,819488,629669,
0,sequential,False,568183,0.131274,815079,0,
0,sequential,False,574938,0.115852,814047,590562,
0,sequential,False,1126584,0.117221,1429553,1138485,
0,sequential,False,578131,0.105833,817232,0,
0,sequential,False,566619,0.139972,814688,579887,
0,sequential,False,588947,0.122814,814233,601248,
0,sequential,False,562733,0.128835,815013,0,
0,sequential,False,535522,0.134983,906811,0,
0,sequential,False,561361,0.13083,814033,0,
0,sequential,False,581225,0.13434,814575,0,
0,sequential,False,553300,0.127403,814819,564485,
0,sequential,False,553815,0.141904,814680,0,
0,sequential,False,581356,0.133142,768708,596594,
0,sequential,False,538168,0.132711,878145,553523,
0,sequential,False,1848859,0.130594,2042787,0,
0,sequential,False,576622,0.120842,813324,590313,
0,sequential,False,547921,0.117296,814255,0,
0,sequential,False,572240,0.115209,814875,587022,
0,sequential,False,551695,0.135175,814564,0,
0,sequential,False,563708,0.124679,818887,0,
0,sequential,False,556414,0.147229,817784,572614,
0,sequential,False,565092,0.129311,814629,0,
0,sequential,False,561693,0.118289,816754,0,
0,sequential,False,581670,1.128974,1839688,0,
0,sequential,False,588417,0.118382,818590,0,
0,sequential,False,576251,0.135966,1018256,585098,
0,sequential,False,575378,0.134909,817554,586100,
0,sequential,False,553936,0.129431,814467,0,
0,sequential,False,570219,0.128038,814277,0,
0,sequential,False,565383,0.116946,814481,578485,
0,sequential,False,554969,0.179589,790903,567123,
0,sequential,False,585751,0.136537,815497,598921,
0,sequential,False,562367,0.111995,738241,573535,
0,sequential,False,552697,0.123816,814790,0,
0,sequential,False,559861,0.133087,815724,572038,
0,sequential,False,564844,0.151529,814422,0,
0,sequential,False,573599,0.149849,815200,0,
0,sequential,False,570011,0.15315,815198,0,
0,sequential,False,617818,0.132223,808060,629579,
0,sequential,False,541972,0.133752,749937,556208,
0,sequential,False,555173,0.148181,814482,570399,
0,sequential,False,559983,0.191873,1019012,0,
0,sequential,False,602606,0.118052,968980,622105,
0,sequential,False,540703,0.127037,814359,0,
0,sequential,False,555699,0.119333,813977,565260,
0,sequential,False,708039,0.146713,1019773,0,
0,sequential,False,601230,0.126749,814670,613737,
0,sequential,False,574128,0.131688,814368,589467,
0,sequential,False,564160,0.137369,814718,0,
0,sequential,False,599421,0.118439,814438,0,
0,sequential,False,561935,0.141488,814530,0,
0,sequential,False,561918,0.138786,814134,0,
0,sequential,False,546311,0.120196,826732,0,
0,sequential,False,560458,0.128913,814620,575976,
0,sequential,False,558200,0.123726,866782,0,
0,sequential,False,584391,0.120065,815415,595711,
0,sequential,False,545593,0.140968,813695,0,
0,sequential,False,553377,0.122478,813810,0,
0,sequential,False,553342,0.140468,814618,571286,
0,sequential,False,579959,0.118719,815322,591559,
0,sequential,False,607597,0.159795,1019237,622987,
0,sequential,False,571963,0.126496,894931,0,
0,sequential,False,570599,0.14323,816002,581455,
0,sequential,False,553226,0.123725,815689,564684,
0,sequential,False,591151,0.126566,817218,604831,
0,sequential,False,573401,0.131352,803251,0,
0,sequential,False,557143,0.145991,751081,0,
0,sequential,False,554520,0.150088,814064,0,
0,sequential,False,576417,0.107315,816960,583659,
0,sequential,False,566071,0.161057,813896,0,
0,sequential,False,565691,0.13049,814519,0,
0,sequential,False,572360,0.131634,1223971,0,
0,sequential,False,564164,0.131763,813657,0,
0,sequential,False,553181,0.138871,871769,569507,
0,sequential,False,580119,0.122736,815012,0,
0,sequential,False,569811,0.155233,815809,585819,
0,sequential,False,564234,0.123031,813794,0,
0,sequential,False,555082,0.139717,813697,567311,
0,sequential,False,567519,0.121349,814555,0,
0,sequential,False,577078,0.119395,814627,0,
0,sequential,False,561395,0.128926,844798,0,
0,sequential,False,576206,0.144542,815253,0,
0,sequential,False,573917,0.135903,815013,581724,
0,sequential,False,558538,0.120945,886830,0,
0,sequential,False,567895,0.139959,814765,0,
0,sequential,False,555244,0.118495,814437,565234,
0,sequential,False,577196,0.129261,814202,0,
0,sequential,False,582014,0.128783,814945,0,
0,sequential,False,567890,0.131482,817714,582598,
0,sequential,False,569023,0.115865,816838,0,
0,sequential,False,582558,0.15467,814458,0,
0,sequential,False,578632,0.162793,815061,0,
0,sequential,False,550609,0.120303,1017154,560339,
0,sequential,False,565335,0.142371,1019450,574677,
0,sequential,False,543751,0.121298,715791,0,
0,sequential,False,551162,0.127688,815487,566776,
0,sequential,False,589120,0.137509,814753,0,
0,sequential,False,583125,0.116187,814581,0,
0,sequential,False,566998,0.129562,814142,574814,
0,sequential,False,562399,0.145501,813583,0,
0,sequential,False,566343,0.143821,813690,574785,
0,sequential,False,560878,0.128026,739558,576038,
0,sequential,False,559474,0.170707,814504,571219,
0,sequential,False,560312,0.126723,815356,0,
0,sequential,False,555413,0.129927,743679,0,
0,sequential,False,571502,0.119172,818386,581031,
0,sequential,False,569746,0.162771,813080,581462,
0,sequential,False,559094,0.138734,807712,0,
0,sequential,False,574159,0.138465,816237,0,
0,sequential,False,553242,0.115815,817549,0,
0,sequential,False,553338,0.139283,865458,568532,
0,sequential,False,559683,0.145084,757925,0,
0,sequential,False,552537,0.153245,759474,568331,
0,sequential,False,573098,0.124562,814221,0,
0,sequential,False,1835787,0.169426,2255526,0,
0,sequential,False,556977,0.119484,728242,567643,
0,sequential,False,556637,0.130401,817558,573098,
0,sequential,False,555353,0.132397,815498,0,
0,sequential,False,571682,0.13466,815969,0,
0,sequential,False,567664,0.118046,815830,0,
0,sequential,False,570796,0.130444,817265,0,
0,sequential,False,559294,0.146648,815858,0,
0,sequential,False,575500,0.127994,817409,0,
0,sequential,False,567723,0.124033,814220,583191,
0,sequential,False,537939,0.122672,808903,0,
0,sequential,False,606619,0.124699,813594,624948,
0,sequential,False,563702,0.116606,814772,0,
0,sequential,False,553920,0.152766,814730,568027,
0,sequential,False,597859,0.140964,814559,0,
0,sequential,False,538235,0.133978,721129,0,
0,sequential,False,561404,0.119205,896124,0,
0,sequential,False,545971,0.136772,814171,0,
0,sequential,False,565761,0.17425,814769,575087,
0,sequential,False,641037,0.128278,1020372,0,
0,sequential,False,540008,0.142739,814300,0,
0,sequential,False,551492,0.146,813870,0,
0,sequential,False,557088,0.124827,814718,0,
0,sequential,False,549811,0.135796,819030,0,
0,sequential,False,580258,0.124651,860569,593200,
0,sequential,False,577138,0.125749,880411,591168,
0,sequential,False,551820,0.120564,730547,0,
0,sequential,False,563482,0.11629,819643,578849,
0,sequential,False,556916,0.138542,816198,573161,
0,sequential,False,559975,0.132943,806241,0,
0,sequential,False,563597,0.139354,814194,575298,
0,sequential,False,831629,0.151191,1112193,0,
0,sequential,False,550479,0.134234,815212,0,
0,sequential,False,563934,0.122068,817207,0,
0,sequential,False,566700,0.133689,814124,0,
0,sequential,False,545449,0.13782,884942,558793,
0,sequential,False,552857,0.12886,814958,0,
0,sequential,False,576379,0.130205,814134,588664,
0,sequential,False,547498,0.125193,814796,0,
0,sequential,False,543396,0.134926,815774,556323,
0,sequential,False,576748,0.135542,820046,593111,
0,sequential,False,553593,0.126189,757291,569252,
0,sequential,False,592642,0.125484,816929,605643,
0,sequential,False,578100,0.117927,815207,0,
0,sequential,False,576433,0.124769,1020050,591012,
0,sequential,False,558583,0.136194,908869,0,
0,sequential,False,547387,0.105829,819188,0,
0,sequential,False,589810,0.128249,782153,0,
0,sequential,False,540606,0.122803,816060,553184,
0,sequential,False,542797,0.130974,869049,0,
0,sequential,False,541407,0.127988,815720,0,
0,sequential,False,542984,0.136676,813747,555406,
0,sequential,False,572836,0.133221,831638,587750,
0,sequential,False,578635,0.164911,793068,0,
0,sequential,False,2089862,0.128334,2455258,2102133,
0,sequential,False,554229,0.147424,816828,0,
0,sequential,False,556384,0.140109,813730,0,
0,sequential,False,585711,0.131319,815738,601475,
0,sequential,False,572213,0.114028,817300,0,
0,sequential,False,580344,0.133174,814079,593102,
0,sequential,False,560959,0.121977,817145,569732,
0,sequential,False,575710,0.126719,817846,589792,
0,sequential,False,572760,0.150977,815759,0,
0,sequential,False,574325,0.128465,813731,584711,
0,sequential,False,605691,0.119846,777398,0,
0,sequential,False,536629,0.114571,816881,0,
0,sequential,False,570750,0.139205,892155,0,
0,sequential,False,571581,0.144578,815259,583918,
0,sequential,False,563731,0.141447,882134,0,
0,sequential,False,551096,0.135951,815199,0,
0,sequential,False,571324,0.119265,816578,588189,
0,sequential,False,540257,0.125492,814957,554142,
0,sequential,False,553488,0.126297,728847,0,
0,sequential,False,576263,0.137148,814054,0,
0,sequential,False,574178,0.147183,813870,0,
0,sequential,False,554883,0.119239,814448,0,
0,sequential,False,550804,0.121042,819983,563575,
0,sequential,False,587804,0.114882,816205,0,
0,sequential,False,570010,0.133116,817299,0,
0,sequential,False,563696,0.141604,1019054,575251,
0,sequential,False,591775,0.112846,815024,0,
0,sequential,False,570569,0.122531,817211,586502,
0,sequential,False,570248,0.132224,813146,584766,
0,sequential,False,558206,0.136797,814843,0,
0,sequential,False,581691,0.131525,812822,0,
0,sequential,False,575296,0.122512,816978,590839,
0,sequential,False,580016,0.116591,816282,0,
0,sequential,False,587393,0.151757,817975,600766,
0,sequential,False,561596,0.141039,806297,576106,
0,sequential,False,554871,0.173692,817705,566095,
0,sequential,False,1734675,0.136602,2046107,0,
0,sequential,False,533274,0.128253,813386,0,
0,sequential,False,568609,0.128637,816378,0,
0,sequential,False,577011,0.132042,817574,586837,
0,sequential,False,543461,0.121105,814751,0,
0,sequential,False,522687,0.134233,814191,538481,
0,sequential,False,550221,0.128839,815456,0,
0,sequential,False,573500,0.176903,815641,585218,
0,sequential,False,578458,0.132035,814838,0,
0,sequential,False,561024,0.13098,767893,0,
0,sequential,False,559113,0.154386,814226,0,
0,sequential,False,565576,0.133911,889076,578808,
0,sequential,False,580906,0.127002,765403,593394,
0,sequential,False,573074,0.131729,815235,586256,
0,sequential,False,554637,0.15184,817757,0,
0,sequential,False,556175,0.114164,814877,0,
0,sequential,False,551908,0.12177,817594,563438,
0,sequential,False,860784,0.134695,1062758,0,
0,sequential,False,571340,0.127611,814844,585029,
0,sequential,False,552579,0.134395,814476,564581,
0,sequential,False,535315,0.12021,815503,544343,
0,sequential,False,561893,0.153171,816259,0,
0,sequential,False,602981,0.123225,808206,614831,
0,sequential,False,583280,0.123241,1019079,597071,
0,sequential,False,557002,0.116332,818090,0,
0,sequential,False,534978,0.127746,817500,543540,
0,sequential,False,580315,0.114206,757021,595494,
0,sequential,False,543515,0.131573,814766,0,
0,sequential,False,575885,0.142964,814941,0,
0,sequential,False,562053,0.118219,892281,0,
0,sequential,False,1468448,0.134583,1838787,0,
0,sequential,False,561887,0.187417,814394,574226,
0,sequential,False,575869,0.125627,752154,590324,
0,sequential,False,528530,0.133555,814805,539034,
0,sequential,False,574230,0.122981,814841,0,
0,sequential,False,580480,0.134096,812643,595828,
0,sequential,False,592387,0.132182,816938,0,
0,sequential,False,542023,0.109479,765074,0,
0,sequential,False,552698,0.152567,813817,0,
0,sequential,False,589437,0.127327,936397,599039,
0,sequential,False,572819,0.123036,814860,588234,
0,sequential,False,563318,0.132777,815009,0,
0,sequential,False,564471,0.133611,882743,0,
0,sequential,False,596875,0.129939,818521,612414,
0,sequential,False,616229,0.122996,816903,625206,
0,sequential,False,567623,0.127835,815347,0,
0,sequential,False,572159,0.118674,905464,586269,
0,sequential,False,558253,0.137838,814436,0,
0,sequential,False,539786,0.121331,815455,0,
0,sequential,False,583790,0.126632,814925,0,
0,sequential,False,542596,0.130345,814176,554971,
0,sequential,False,599247,0.140253,814762,0,
0,sequential,False,556927,0.12627,814867,0,
0,sequential,False,574574,0.136682,815136,589503,
0,sequential,False,574395,0.130171,813887,0,
0,sequential,False,606022,0.180464,1022717,622549,
0,sequential,False,555892,0.137491,835727,0,
0,sequential,False,554746,0.13215,815794,566547,
0,sequential,False,543518,0.117951,815293,0,
0,sequential,False,584293,0.145588,816131,598861,
0,sequential,False,587897,0.110348,814261,0,
0,sequential,False,596911,0.136313,815391,608424,
0,sequential,False,580343,0.12645,814181,591947,
0,sequential,False,554083,0.132102,816015,0,
0,sequential,False,542130,0.145206,814079,555244,
0,sequential,False,596776,0.143194,814325,0,
0,sequential,False,572477,0.126921,813639,584515,
0,sequential,False,570603,0.117491,933978,0,
0,sequential,False,575562,0.12996,814351,588405,
0,sequential,False,568881,0.123038,872750,0,
0,sequential,False,559790,0.128249,902965,0,
0,sequential,False,561843,0.138488,816436,575116,
0,sequential,False,553785,0.123101,727093,0,
0,sequential,False,1349803,0.129808,1634963,1361933,
0,sequential,False,553603,0.132348,815019,0,
0,sequential,False,546820,0.106544,817844,554582,
0,sequential,False,539929,0.134671,813536,551690,
0,sequential,False,567566,0.120054,814128,0,
0,sequential,False,551081,0.131308,969198,0,
0,sequential,False,591728,0.142652,816387,603375,
0,sequential,False,580298,0.114001,819002,0,
0,sequential,False,545671,0.124064,813603,557248,
0,sequential,False,583469,0.120157,807902,0,
0,sequential,False,570291,0.110973,736945,0,
0,sequential,False,570646,0.136153,814873,0,
0,sequential,False,557773,0.131665,814628,0,
0,sequential,False,541250,0.641508,1430010,556483,
0,sequential,False,564036,0.139307,814920,574409,
0,sequential,False,572395,0.141422,813976,587643,
0,sequential,False,535896,0.176301,814581,549653,
0,sequential,False,550610,0.113025,818228,0,
0,sequential,False,550145,0.135562,812542,562563,
0,sequential,False,556951,0.13245,818273,566302,
0,sequential,False,555759,0.122817,814672,573398,
0,sequential,False,607125,0.124109,818317,0,
0,sequential,False,566340,0.134094,814937,577633,
0,sequential,False,576451,0.125931,816333,587242,
0,sequential,False,548041,0.12688,814709,560936,
0,sequential,False,554880,0.135122,811181,0,
0,sequential,False,1410735,0.134177,1632778,0,
0,sequential,False,574905,0.132997,815356,589687,
0,sequential,False,549424,0.129122,818108,566841,
0,sequential,False,554290,0.126485,818042,0,
0,sequential,False,541262,0.128687,821270,0,
0,sequential,False,581739,0.145322,813668,593731,
0,sequential,False,566490,0.134048,862361,0,
0,sequential,False,564180,0.118055,739937,578485,
0,sequential,False,569515,0.129445,814143,0,
0,sequential,False,556686,0.129237,814865,570032,
0,sequential,False,566206,0.151013,815998,0,
0,sequential,False,583404,0.15103,829490,598767,
0,sequential,False,569974,0.161127,905668,0,
0,sequential,False,572080,0.127515,817065,0,
0,sequential,False,549245,0.141135,876255,0,
0,sequential,False,1716847,0.125007,2045593,1733593,
0,sequential,False,572710,0.178644,1019474,0,
0,sequential,False,549163,0.141068,739535,0,
0,sequential,False,579967,0.132079,815351,0,
0,sequential,False,599914,0.131621,815452,614604,
0,sequential,False,549127,0.143015,813304,0,
0,sequential,False,603756,0.137127,815558,0,
0,sequential,False,561927,0.139153,815984,0,
0,sequential,False,569285,0.132951,813935,0,
0,sequential,False,553979,0.137808,813995,0,
0,sequential,False,569235,0.132796,814371,582769,
0,sequential,False,560828,0.135114,825982,0,
0,sequential,False,539257,0.121052,814691,0,
0,sequential,False,1292264,0.122935,1636650,1304564,
0,sequential,False,557544,0.110496,817430,0,
0,sequential,False,566289,0.138174,813359,0,
0,sequential,False,542345,0.122736,813262,0,
0,sequential,False,559363,0.129492,814168,0,
0,sequential,False,544489,0.139505,815066,0,
0,sequential,False,559099,0.178557,1019469,0,
0,sequential,False,549608,0.130532,815287,0,
0,sequential,False,566810,0.125367,816555,0,
0,sequential,False,547532,0.124613,814906,0,
0,sequential,False,543006,0.136362,815224,0,
0,sequential,False,568260,0.122156,818032,580314,
0,sequential,False,572089,0.138696,864463,587333,
0,sequential,False,569172,0.137526,892049,0,
0,sequential,False,550637,0.13439,814477,0,
0,sequential,False,575218,0.130231,813638,0,
0,sequential,False,561816,0.121524,813547,576097,
0,sequential,False,562820,0.13158,817079,579118,
0,sequential,False,577126,0.148666,868237,0,
0,sequential,False,558023,0.120521,835876,0,
0,sequential,False,553864,0.13154,815712,560753,
0,sequential,False,569542,0.126936,818032,584699,
0,sequential,False,579880,0.126798,816577,0,
0,sequential,False,555418,0.130905,808241,0,
0,sequential,False,564363,0.124568,817119,580634,
0,sequential,False,535710,0.12892,712458,0,
0,sequential,False,569902,0.125126,752036,585586,
0,sequential,False,603468,0.113819,766049,616029,
0,sequential,False,589692,0.117023,817033,0,
0,sequential,False,584751,0.131873,825513,600301,
0,sequential,False,547581,0.13111,1021309,557487,
0,sequential,False,569161,0.122836,751329,578273,
0,sequential,False,564815,0.132846,818264,0,
0,sequential,False,567955,0.121324,814688,581174,
0,sequential,False,561911,0.14255,756662,573643,
0,sequential,False,576008,0.139501,815247,0,
0,sequential,False,558756,0.123603,738466,572357,
0,sequential,False,560371,0.133533,814582,572337,
0,sequential,False,583782,0.131548,814097,0,
0,sequential,False,554790,0.133847,815258,568979,
0,sequential,False,557414,0.125845,736632,571762,
0,sequential,False,554390,0.120485,725846,570368,
0,sequential,False,563937,0.127841,815240,0,
0,sequential,False,4339404,0.158631,4554143,0,
0,sequential,False,580184,0.144662,840609,592053,
0,sequential,False,3632981,0.140796,3889466,3641102,
0,sequential,False,564264,0.143777,812974,0,
0,sequential,False,686157,0.111937,1019466,696526,
0,sequential,False,6436795,0.133143,6754164,0,
0,sequential,False,568862,0.12271,814821,0,
0,sequential,False,570929,0.120182,814773,0,
0,sequential,False,541698,0.155961,814048,0,
0,sequential,False,1799636,0.140783,2042561,1812218,
0,sequential,False,548495,0.137408,813321,0,
0,sequential,False,1007945,0.134476,1223506,0,
0,sequential,False,558070,0.121849,814466,0,
0,sequential,False,577638,0.125566,814803,0,
0,sequential,False,554793,0.140717,764455,567571,
0,sequential,False,707664,0.131642,1019827,0,
0,sequential,False,544216,0.146972,814391,0,
0,sequential,False,592623,0.119563,813249,0,
0,sequential,False,563957,0.133684,814029,0,
0,sequential,False,562144,0.132699,813447,582231,
0,sequential,False,604760,0.178449,1014122,616901,
0,sequential,False,569588,0.139089,815152,0,
0,sequential,False,575387,0.122515,815874,0,
0,sequential,False,2129042,0.133472,2455743,0,
0,sequential,False,552429,0.117998,817108,0,
0,sequential,False,568050,0.125182,814055,580986,
0,sequential,False,569926,0.156448,814337,580676,
0,sequential,False,567045,0.12456,815115,583325,
0,sequential,False,569430,0.143394,817040,583049,
0,sequential,False,2311950,0.130568,2658914,2324672,
0,sequential,False,562214,0.140041,816293,575650,
0,sequential,False,556371,0.133622,813681,0,
0,sequential,False,561165,0.136903,816541,0,
0,sequential,False,552845,0.120296,817583,0,
0,sequential,False,568062,0.123887,817150,579958,
0,sequential,False,562349,0.109066,818195,0,
0,sequential,False,569076,0.13318,814900,584567,
0,sequential,False,560859,0.111141,737509,0,
0,sequential,False,536943,0.131413,814870,0,
0,sequential,False,553191,0.137264,812172,0,
0,sequential,False,546634,0.1349,817206,562144,
0,sequential,False,574520,0.13306,815391,0,
0,sequential,False,563424,0.126017,745347,579322,
0,sequential,False,589840,0.129947,815221,0,
0,sequential,False,548040,0.137552,814114,0,
0,sequential,False,546894,0.135611,819947,0,
0,sequential,False,561204,0.111873,817572,573567,
0,sequential,False,560296,0.135704,813329,572391,
0,sequential,False,563464,0.130155,814579,0,
0,sequential,False,590358,0.131711,818547,606497,
0,sequential,False,576420,0.124612,818511,592222,
0,sequential,False,568178,0.154048,815065,0,
0,sequential,False,577334,0.14012,813432,0,
0,sequential,False,548489,0.142113,816269,0,
0,sequential,False,569368,0.138509,1019743,582668,
0,sequential,False,557778,0.133983,1019345,0,
0,sequential,False,716325,0.126734,1020104,0,
0,sequential,False,552266,0.131712,755825,0,
0,sequential,False,559786,0.138211,746260,0,
0,sequential,False,564060,0.131147,815678,576423,
0,sequential,False,570665,0.148499,874713,0,
0,sequential,False,556196,0.121966,813992,570863,
0,sequential,False,568178,0.124981,815165,0,
0,sequential,False,584039,0.127624,941980,0,
0,sequential,False,575250,0.114705,903353,589251,
0,sequential,False,571453,0.130489,814746,0,
0,sequential,False,552161,0.131266,763297,0,
0,sequential,False,540367,0.139203,732616,0,
0,sequential,False,576118,0.156645,809012,0,
0,sequential,False,562727,0.142523,818743,0,
0,sequential,False,558287,0.117693,813127,0,
0,sequential,False,566251,0.123958,1018716,0,
0,sequential,False,550926,0.132171,735811,0,
0,sequential,False,558989,0.123526,813519,574692,
0,sequential,False,551102,0.117938,817227,566144,
0,sequential,False,565261,0.118058,812354,577586,
0,sequential,False,584081,0.142338,814981,592706,
0,sequential,False,1018901,0.126198,1429406,0,
0,sequential,False,560740,0.125041,739904,576694,
0,sequential,False,590370,0.140592,814481,0,
0,sequential,False,544882,0.14266,815597,560057,
0,sequential,False,563508,0.134613,1020042,575316,
0,sequential,False,555640,0.135535,816883,0,
0,sequential,False,565873,0.132929,813915,0,
0,sequential,False,550372,0.124198,792594,564940,
0,sequential,False,557920,0.145134,975894,0,
0,sequential,False,533209,0.146771,815000,0,
0,sequential,False,573121,0.1146,740728,584519,
0,sequential,False,559963,0.128407,815991,0,
0,sequential,False,574534,0.148238,813962,0,
0,sequential,False,583686,0.116356,761406,595748,
0,sequential,False,537718,0.13713,897057,0,
0,sequential,False,579632,0.109515,818021,589560,
0,sequential,False,579555,0.133099,814107,0,
0,sequential,False,568277,0.125744,814494,0,
0,sequential,False,545592,0.138093,736710,555498,
0,sequential,False,574586,0.144542,815083,0,
0,sequential,False,925532,0.130724,1224184,0,
0,sequential,False,559103,0.1232,816892,0,
0,sequential,False,571420,0.119482,813715,0,
0,sequential,False,635085,0.130152,854579,0,
0,sequential,False,565505,0.139142,813347,0,
0,sequential,False,558143,0.185878,817622,573342,
0,sequential,False,548115,0.107297,715772,0,
0,sequential,False,542531,0.148836,814567,551097,
0,sequential,False,572507,0.126477,757973,0,
0,sequential,False,550907,0.124314,816444,564986,
0,sequential,False,550534,0.113647,815011,564214,
0,sequential,False,567711,0.122691,817753,579904,
0,sequential,False,552363,0.131331,814155,0,
0,sequential,False,609222,0.136141,815301,619748,
0,sequential,False,561529,0.135003,817615,0,
0,sequential,False,672388,0.124159,878432,0,
0,sequential,False,561379,0.15084,817944,0,
0,sequential,False,563444,0.140573,815544,0,
0,sequential,False,582504,0.137666,815119,595242,
0,sequential,False,574688,0.13888,1018201,583742,
0,sequential,False,553288,0.13047,933606,0,
0,sequential,False,613873,0.135569,1020868,0,
0,sequential,False,557602,0.134343,815043,570238,
0,sequential,False,570298,0.150725,816037,0,
0,sequential,False,553919,0.11798,813500,568428,
0,sequential,False,564761,0.134224,877043,573853,
0,sequential,False,551774,0.139852,814224,565405,
0,sequential,False,593507,0.152495,815035,0,
0,warm,False,594557,0.254123,3870480,3538735,
0,warm,False,552218,0.189545,5989085,5731966,
0,warm,False,574782,0.254918,10034144,0,
0,warm,False,605405,0.192354,6233744,5284348,
0,warm,False,585519,0.278937,5080212,4316569,
0,warm,False,552689,0.189338,3694529,0,
0,warm,False,559737,0.287924,6794411,5920959,
0,warm,False,593630,0.260041,2738363,0,
0,warm,False,576129,0.23203,6788713,5833423,
0,warm,False,563261,0.254854,36563300,34883886,
0,warm,False,562604,0.222382,11322077,10176847,
0,warm,False,617519,0.164718,956005,645439,
0,warm,False,577677,0.244076,3952470,3169027,
0,warm,False,560069,0.230692,4303518,3990734,
0,warm,False,573271,0.247896,42751055,40937791,
0,warm,False,574524,0.253812,40282598,23653034,
0,warm,False,549009,0.2178,2061896,1770363,
0,warm,False,552379,0.227927,6064440,5100529,
0,warm,False,560725,0.215993,2606044,2336542,
0,warm,False,530568,0.181003,6937072,0,
0,warm,False,571539,0.270088,38279646,36559454,
0,warm,False,565860,0.216294,1552785,1238795,
0,warm,False,549897,0.23113,2601721,2287288,
0,warm,False,548338,0.269714,26958558,25387341,
0,warm,False,544883,0.23202,2579774,0,
0,warm,False,560979,0.251099,7004800,6638368,
0,warm,False,565362,0.227377,28759198,27084376,
0,warm,False,575583,0.168162,44823938,23340208,
0,warm,False,597680,0.216258,1551159,1261634,
0,warm,False,577874,0.278879,8631754,7615569,
0,warm,False,589376,0.221051,24569020,23146560,
0,warm,False,589890,0.232289,2117018,1833431,
0,warm,False,578461,0.254197,7774955,7399950,
0,warm,False,630489,0.202702,934954,656330,
0,warm,False,582214,0.236523,8118715,6958498,
0,warm,False,546698,0.266399,7046379,6681768,
0,warm,False,566861,0.276482,5609412,4829931,
0,warm,False,573539,0.25452,4446133,4108265,
0,warm,False,553502,0.263157,47611605,45494381,
0,warm,False,557067,0.238259,4828925,4455935,
0,warm,False,562806,0.267157,43940826,41969012,
0,warm,False,548367,0.256119,6476947,6108614,
0,warm,False,544050,0.266436,5517294,5162409,
0,warm,False,574554,0.239665,7087640,6768816,
0,warm,False,563838,0.187338,7056318,6783127,
0,warm,False,540730,0.264346,6270876,5743939,
0,warm,False,560561,0.223373,10480038,9373894,
0,warm,False,565275,0.268374,2183361,1451928,
0,warm,False,550344,0.221993,5009297,4151109,
0,warm,False,558700,0.188715,3202669,2847905,
0,warm,False,567143,0.185078,6503707,6218516,
0,warm,False,578782,0.274017,2768197,2040617,
0,warm,False,540500,0.209009,12101065,10923197,
0,warm,False,566119,0.247015,2789930,2308618,
0,warm,False,574320,0.166539,7493771,7045189,
0,warm,False,553291,0.192667,3206079,0,
0,warm,False,553294,0.220571,13733404,12451538,
0,warm,False,694272,0.204777,1558480,816729,
0,warm,False,586814,0.26519,5956958,0,
0,warm,False,556464,0.291045,6179316,5347886,
0,warm,False,580921,0.250147,3264316,2934682,
0,warm,False,551086,0.173808,1411448,1184905,
0,warm,False,572783,0.176476,6877855,6460706,
0,warm,False,563127,0.195433,11151881,9908223,
0,warm,False,564168,0.178735,2579477,2326664,
0,warm,False,553920,0.18401,5370685,5124643,
0,warm,False,626005,0.257639,5337596,0,
0,warm,False,554783,0.240641,37667263,35982769,
0,warm,False,591925,0.177314,2059615,1823154,
0,warm,False,726975,0.270831,47010173,44946611,
0,warm,False,578890,0.265502,35545147,33781406,
0,warm,False,559715,0.248401,30398792,28732515,
0,warm,False,551807,0.248057,6641185,6283170,
0,warm,False,673397,0.152847,944397,746563,
0,warm,False,628601,0.1997,934576,0,
0,warm,False,601725,0.226326,13227804,11828278,
0,warm,False,547147,0.237406,4850366,0,
0,warm,False,553738,0.241971,28183560,26502680,
0,warm,False,569716,0.251207,9566370,8738402,
0,warm,False,547923,0.249415,9617096,8830448,
0,warm,False,597950,0.222439,26515278,24876391,
0,warm,False,611092,0.185379,3840888,3590416,
0,warm,False,572540,0.237949,2792923,2378228,
0,warm,False,546807,0.193511,4848933,4010775,
0,warm,False,579871,0.257421,23469034,22018474,
0,warm,False,580808,0.231559,34896500,33206345,
0,warm,False,575396,0.22099,24052282,22566031,
0,warm,False,586963,0.195975,5013175,4744753,
0,warm,False,541383,0.204229,11571546,10419850,
0,warm,False,597146,0.249984,9011374,8196641,
0,warm,False,575067,0.240089,5250123,4739691,
0,warm,False,1266349,0.245026,3328180,3019788,
0,warm,False,546858,0.178584,4216791,3944247,
0,warm,False,560736,0.168546,1414978,1181749,
0,warm,False,551474,0.182005,3688168,3440634,
0,warm,False,551288,0.23474,5428910,0,
0,warm,False,587622,0.251749,7844781,7048098,
0,warm,False,638167,0.242293,973204,674398,
0,warm,False,585922,0.222737,3262396,2971055,
0,warm,False,550003,0.223708,6374566,6050550,
0,warm,False,566851,0.180543,7121482,6835193,
0,warm,False,570101,0.256514,5026315,4677876,
0,warm,False,533883,0.259472,5861035,0,
0,warm,False,548355,0.182232,2581884,2283766,
0,warm,False,567534,0.191008,3387980,2439309,
0,warm,False,590326,0.178283,3228810,2988306,
0,warm,False,553671,0.233161,1576107,1211328,
0,warm,False,548427,0.249,4227634,0,
0,warm,False,551430,0.236517,4278700,3948432,
0,warm,False,578163,0.264697,6279769,5810544,
0,warm,False,539960,0.234846,2009510,1732170,
0,warm,False,615943,0.253972,8206924,7461487,
0,warm,False,558541,0.293938,8645228,7752409,
0,warm,False,554679,0.241351,31953438,30393927,
0,warm,False,552529,0.181281,1999264,1772336,
0,warm,False,553283,0.22526,3188440,2826570,
0,warm,False,562237,0.208954,7616819,7323634,
0,warm,False,591035,0.24509,32533332,30953361,
0,warm,False,553153,0.234986,3197727,2851160,
0,warm,False,572249,0.242301,43506852,41403874,
0,warm,False,605144,0.258607,7336303,6982754,
0,warm,False,578715,0.173251,1467950,1240405,
0,warm,False,581458,0.226215,3759163,3454406,
0,warm,False,557081,0.26021,29815946,28190978,
0,warm,False,546665,0.246869,31441420,29853015,
0,warm,False,569551,0.190717,3195858,2908911,
0,warm,False,543188,0.256013,3723445,3388298,
0,warm,False,569497,0.267527,7394050,6475506,
0,warm,False,579862,0.185978,5917933,5642680,
0,warm,False,552231,0.259203,7430109,6668954,
0,warm,False,551719,0.214771,2647289,1889960,
0,warm,False,551617,0.28898,7993319,7223859,
0,warm,False,561852,0.2018,9619905,8572710,
0,warm,False,553267,0.209175,13610352,12337158,
0,warm,False,579478,0.160573,3862156,3089321,
0,warm,False,556385,0.243629,44525750,42480544,
0,warm,False,564442,0.195712,6566099,6286624,
0,warm,False,589177,0.18257,2008777,0,
0,warm,False,588077,0.226093,6874404,6458862,
0,warm,False,592573,0.193837,3392663,2545471,
0,warm,False,590637,0.234459,7487386,7038541,
0,warm,False,548760,0.252813,4847389,4543612,
0,warm,False,655962,0.167797,952592,687325,
0,warm,False,573642,0.231818,25906459,24297154,
0,warm,False,636467,0.273693,4017837,3261902,
0,warm,False,571408,0.225908,5410507,5080570,
0,warm,False,552327,0.186061,5860806,0,
0,warm,False,566335,0.232711,30828488,29296612,
0,warm,False,555330,0.251135,5957177,0,
0,warm,False,555346,0.202385,10330889,9108528,
0,warm,False,530386,0.235223,2071197,0,
0,warm,False,663645,0.213775,985167,727505,
0,warm,False,596002,0.189085,6276122,5895880,
0,warm,False,560464,0.235813,3298174,2588638,
0,warm,False,553782,0.17422,1461524,1233775,
0,warm,False,566278,0.258189,33104763,31501768,
0,warm,False,597336,0.253289,39856061,23082371,
0,warm,False,535484,0.183174,4235599,3970738,
0,warm,False,587857,0.145063,914413,608151,
0,warm,False,539712,0.261647,6498529,6142725,
0,warm,False,554031,0.255622,3207292,2842470,
0,warm,False,557274,0.245773,36138743,34348653,
0,warm,False,563026,0.198183,4784672,4517567,
0,warm,False,566128,0.255795,7500819,7167698,
0,warm,False,566378,0.221015,9125745,8048164,
0,warm,False,561381,0.2545,5998034,5657295,
0,warm,False,557806,0.228036,1562280,0,
0,warm,False,587344,0.253005,2140479,1437954,
0,warm,False,596820,0.24792,3305695,2587903,
0,warm,False,561154,0.222413,7109937,6795185,
0,warm,False,544988,0.176711,5442884,5178571,
0,warm,False,545143,0.25207,7710470,0,
0,warm,False,586624,0.211157,29165300,27650895,
0,warm,False,533929,0.253113,5348845,5010764,
0,warm,False,582299,0.286069,7614661,0,
0,warm,False,558115,0.258502,5904131,5548671,
0,warm,False,551819,0.27535,6911337,6121327,
0,warm,False,549109,0.257449,4516598,3690914,
0,warm,False,598637,0.253012,6995079,0,
0,warm,False,579598,0.187691,2639931,2394206,
0,warm,False,563955,0.264891,39022909,37098441,
0,warm,False,556328,0.245894,39927142,38178213,
0,warm,False,562134,0.224917,1559600,1202053,
0,warm,False,562311,0.260182,3748444,3409087,
0,warm,False,539582,0.237888,3191630,2849400,
0,warm,False,558186,0.200066,3816696,2986428,
0,warm,False,555479,0.260914,4981800,4621147,
0,warm,False,594547,0.228108,3861360,3557772,
0,warm,False,564982,0.17915,2146930,1368456,
0,warm,False,558363,0.24124,7709824,7333108,
0,warm,False,546633,0.231426,6931234,0,
0,warm,False,631318,0.222178,22818938,21421123,
0,warm,False,555151,0.279347,9148836,8331847,
0,warm,False,639015,0.234143,953605,0,
0,warm,False,848721,0.238244,46696506,22669476,
0,warm,False,618378,0.16897,943238,649949,
0,warm,False,647983,0.242868,9006034,0,
0,warm,False,566849,0.236995,40633749,38620458,
0,warm,False,561330,0.213857,7096747,6130889,
0,warm,False,571345,0.230185,5994802,5668964,
0,warm,False,565136,0.176892,5565182,5332713,
0,warm,False,540547,0.200644,4752121,0,
0,warm,False,564709,0.229767,41244583,39192607,
0,warm,False,576685,0.210882,7350360,6396651,
0,warm,False,553376,0.254316,4309492,3987244,
0,warm,False,564308,0.236659,5644429,5321945,
0,warm,False,583199,0.262353,6736274,6383211,
0,warm,False,558474,0.229927,7701219,6689955,
0,warm,False,614881,0.244995,40907565,24265638,
0,warm,False,605159,0.193865,2161979,1419629,
0,warm,False,675951,0.29148,6394704,5543430,
0,warm,False,565860,0.214946,4413107,3489250,
0,warm,False,688946,0.274534,1063739,0,
0,warm,False,581874,0.243137,25307347,23722142,
0,warm,False,567652,0.247165,4859461,4522591,
0,warm,False,706475,0.257773,1059200,733441,
0,warm,False,561339,0.232559,2682492,2399937,
0,warm,False,571762,0.232492,2041352,1748424,
0,warm,False,575867,0.241538,6568070,6210212,
0,warm,False,591207,0.233406,34283425,32644853,
0,warm,False,609170,0.249736,45761895,43670079,
0,warm,False,538641,0.186648,5372777,0,
0,warm,False,576783,0.28184,4531837,3730818,
0,warm,False,536886,0.1783,7491280,0,
0,warm,False,567024,0.17158,2695545,1958478,
0,warm,False,596808,0.172933,44341540,22777020,
0,warm,False,554827,0.21336,6663226,5637788,
0,warm,False,582908,0.246191,1572432,1245710,
0,warm,False,566279,0.178789,1980647,1751987,
0,warm,False,579903,0.215908,2119472,1833415,
0,warm,False,592880,0.253288,4593765,3852971,
0,warm,False,537370,0.25539,4841358,4481700,
0,warm,False,577853,0.289797,1679658,850429,
0,warm,False,576536,0.199404,9517139,8305261,
0,warm,False,640186,0.183745,3731997,3487117,
0,warm,False,551185,0.228805,3192256,0,
0,warm,False,556615,0.192689,5634736,4570118,
0,warm,False,562919,0.200438,4432026,3618068,
0,warm,False,563686,0.254573,6199430,5899080,
0,warm,False,565520,0.268128,27571891,25953090,
0,warm,False,620703,0.223772,4621085,4170904,
0,warm,False,565543,0.257353,42292526,40274144,
0,warm,False,620556,0.233362,945645,654616,
0,warm,False,571532,0.199674,8211404,7240430,
0,warm,False,571287,0.295118,45187349,43058697,
0,warm,False,568212,0.23644,3726571,3388538,
0,warm,False,581883,0.250566,8527023,7977809,
0,warm,False,558944,0.166675,2578371,2321942,
0,warm,False,563783,0.254736,2717576,2004210,
0,warm,False,584031,0.251873,33894786,32065813,
0,warm,False,603609,0.187226,4898469,4637913,
0,warm,False,584278,0.2328,1577476,0,
0,warm,False,563866,0.233692,41473787,24830294,
0,warm,False,553988,0.252553,4273595,3924018,
0,warm,False,542145,0.251787,2791191,2300965,
0,warm,False,640028,0.238038,954143,669211,
0,warm,False,632323,0.266021,3367465,2642626,
0,warm,False,551470,0.274056,39442343,37637321,
0,warm,False,552717,0.195959,8897748,7770030,
0,warm,False,545168,0.248621,1574536,1186712,
0,warm,False,569757,0.284501,37181981,35441298,
0,warm,False,559666,0.247856,2126423,0,
0,warm,False,563875,0.24467,12011357,10707302,
0,warm,False,699579,0.171632,1575947,889788,
0,warm,False,654086,0.213016,945645,671112,
0,warm,False,531928,0.252437,3859448,3542774,
0,warm,False,573786,0.191186,4629363,4162656,
0,warm,False,541101,0.235175,5301679,4986202,
0,warm,False,574897,0.233375,8530204,7505441,
0,warm,False,533535,0.225141,6505859,6180735,
0,warm,False,544489,0.256697,4418169,4070642,
0,warm,False,556898,0.233569,5404021,5104912,
0,warm,False,561957,0.23804,11192060,9642459,
0,warm,False,557930,0.180072,4283861,4034909,
0,warm,False,583136,0.215974,12596041,11256126,
0,warm,False,579981,0.51183,5660048,4883089,
0,warm,False,576479,0.289096,3997110,3148967,
0,warm,False,566180,0.273479,1665605,873662,
0,warm,False,541312,0.22751,12669767,11429904,
0,warm,False,576951,0.257936,6388795,0,
0,warm,False,660573,0.223974,1025694,683143,
0,warm,False,594912,0.154792,924059,624249,
0,warm,False,589485,0.262748,7302777,6824550,
0,warm,False,549650,0.256749,4989541,4228996,
0,warm,False,589521,0.193071,5624703,4723292,
0,warm,False,598182,0.257366,9435374,8667870,
0,warm,False,550032,0.202107,9920222,8835457,
0,warm,False,558733,0.25712,5581773,5243177,
0,warm,False,561336,0.280749,41701562,39747232,
0,warm,False,548725,0.243484,3660904,0,
0,warm,False,565405,0.229948,2051078,1763851,
0,warm,False,551559,0.227956,2066523,1791653,
0,warm,False,581342,0.28468,1660720,904017,
0,warm,False,551901,0.184297,6471388,0,
0,warm,False,563604,0.274269,46397221,44218633,
0,warm,False,541026,0.227274,13230415,11960522,
