Memory,FunctionTime,Invocations,DeltaT,WarmContainers
1536,10,15,420,7
1536,10,15,420,8
1536,10,15,420,7
1536,10,15,420,8
1536,10,15,420,8
1536,10,15,540,4
1536,10,15,540,8
1536,10,15,540,8
1536,10,15,540,8
1536,10,15,540,8
1536,10,15,660,7
1536,10,15,660,8
1536,10,15,660,8
1536,10,15,660,8
1536,10,15,660,6
1536,10,15,780,4
1536,10,15,780,4
1536,10,15,780,4
1536,10,15,780,4
1536,10,15,780,4
1536,10,15,840,4
1536,10,15,840,4
1536,10,15,840,4
1536,10,15,840,4
1536,10,15,840,3
1536,10,15,960,5
1536,10,15,960,4
1536,10,15,960,4
1536,10,15,960,1
1536,10,15,960,4
1536,10,15,1020,4
1536,10,15,1020,4
1536,10,15,1020,4
1536,10,15,1020,4
1536,10,15,1020,4
1536,10,15,1140,3
1536,10,15,1140,2
1536,10,15,1140,2
1536,10,15,1140,1
1536,10,15,1140,2
1536,10,15,1260,2
1536,10,15,1260,2
1536,10,15,1260,2
1536,10,15,1260,2
1536,10,15,1260,2
1536,10,15,1320,2
1536,10,15,1320,2
1536,10,15,1320,2
1536,10,15,1320,1
1536,10,15,1320,2
1536,10,16,420,9
1536,10,16,420,8
1536,10,16,420,8
1536,10,16,420,8
1536,10,16,420,8
1536,10,16,540,8
1536,10,16,540,9
1536,10,16,540,8
1536,10,16,540,8
1536,10,16,540,8
1536,10,16,660,8
1536,10,16,660,8
1536,10,16,660,8
1536,10,16,660,8
1536,10,16,660,8
1536,10,16,780,5
1536,10,16,780,4
1536,10,16,780,4
1536,10,16,780,4
1536,10,16,780,4
1536,10,16,840,3
1536,10,16,840,4
1536,10,16,840,4
1536,10,16,840,4
1536,10,16,840,4
1536,10,16,960,4
1536,10,16,960,3
1536,10,16,960,4
1536,10,16,960,4
1536,10,16,960,4
1536,10,16,1020,2
1536,10,16,1020,4
1536,10,16,1020,4
1536,10,16,1020,4
1536,10,16,1020,4
1536,10,16,1140,2
1536,10,16,1140,2
1536,10,16,1140,2
1536,10,16,1140,2
1536,10,16,1140,2
1536,10,16,1260,2
1536,10,16,1260,2
1536,10,16,1260,2
1536,10,16,1260,2
1536,10,16,1260,2
1536,10,16,1320,2
1536,10,16,1320,2
1536,10,16,1320,2
1536,10,16,1320,2
1536,10,16,1320,2
1536,10,7,360,7
1536,10,7,480,4
1536,10,7,600,4
1536,10,7,720,4
1536,10,7,900,1
1536,10,7,1080,1
1536,10,7,1200,0
1536,10,12,420,5
1536,10,12,420,6
1536,10,12,420,6
1536,10,12,420,6
1536,10,12,420,6
1536,10,12,540,7
1536,10,12,540,6
1536,10,12,540,6
1536,10,12,540,6
1536,10,12,540,6
1536,10,12,660,5
1536,10,12,660,6
1536,10,12,660,6
1536,10,12,660,6
1536,10,12,660,6
1536,10,12,780,3
1536,10,12,780,3
1536,10,12,780,3
1536,10,12,780,3
1536,10,12,780,3
1536,10,12,840,4
1536,10,12,840,3
1536,10,12,840,3
1536,10,12,840,3
1536,10,12,840,3
1536,10,12,960,3
1536,10,12,960,3
1536,10,12,960,3
1536,10,12,960,3
1536,10,12,960,3
1536,10,12,1020,3
1536,10,12,1020,3
1536,10,12,1020,3
1536,10,12,1020,3
1536,10,12,1020,2
1536,10,12,1140,2
1536,10,12,1140,2
1536,10,12,1140,2
1536,10,12,1140,2
1536,10,12,1140,1
1536,10,12,1260,0
1536,10,12,1260,2
1536,10,12,1260,2
1536,10,12,1260,2
1536,10,12,1260,2
1536,10,12,1320,1
1536,10,12,1320,0
1536,10,12,1320,2
1536,10,12,1320,2
1536,10,12,1320,2
1536,10,9,420,5
1536,10,9,420,5
1536,10,9,420,5
1536,10,9,420,4
1536,10,9,420,5
1536,10,9,540,3
1536,10,9,540,4
1536,10,9,540,5
1536,10,9,540,5
1536,10,9,540,5
1536,10,9,660,4
1536,10,9,660,4
1536,10,9,660,5
1536,10,9,660,5
1536,10,9,660,5
1536,10,9,780,3
1536,10,9,780,1
1536,10,9,780,2
1536,10,9,780,3
1536,10,9,780,3
1536,10,9,840,2
1536,10,9,840,3
1536,10,9,840,3
1536,10,9,840,3
1536,10,9,840,3
1536,10,9,960,3
1536,10,9,960,3
1536,10,9,960,3
1536,10,9,960,3
1536,10,9,960,3
1536,10,9,1020,3
1536,10,9,1020,2
1536,10,9,1020,2
1536,10,9,1020,3
1536,10,9,1020,2
1536,10,9,1140,1
1536,10,9,1140,1
1536,10,9,1140,2
1536,10,9,1140,2
1536,10,9,1140,2
1536,10,9,1260,1
1536,10,9,1260,2
1536,10,9,1260,2
1536,10,9,1260,2
1536,10,9,1260,2
1536,10,9,1320,2
1536,10,9,1320,1
1536,10,9,1320,2
1536,10,9,1320,2
1536,10,9,1320,2
1536,10,17,1,16
1536,10,17,1,16
1536,10,17,1,17
1536,10,17,1,5
1536,10,17,1,7
1536,10,17,2,17
1536,10,17,2,17
1536,10,17,2,17
1536,10,17,2,17
1536,10,17,2,17
1536,10,17,4,17
1536,10,17,4,16
1536,10,17,4,17
1536,10,17,4,17
1536,10,17,4,17
1536,10,17,8,15
1536,10,17,8,15
1536,10,17,8,16
1536,10,17,8,17
1536,10,17,8,17
1536,10,17,15,17
1536,10,17,15,17
1536,10,17,15,17
1536,10,17,15,17
1536,10,17,15,17
1536,10,17,30,16
1536,10,17,30,17
1536,10,17,30,15
1536,10,17,30,17
1536,10,17,30,16
1536,10,17,60,17
1536,10,17,60,17
1536,10,17,60,17
1536,10,17,60,16
1536,10,17,60,17
1536,10,17,120,14
1536,10,17,120,17
1536,10,17,120,17
1536,10,17,120,17
1536,10,17,120,17
1536,10,17,180,16
1536,10,17,180,17
1536,10,17,180,17
1536,10,17,180,17
1536,10,17,180,17
1536,10,17,240,17
1536,10,17,240,16
1536,10,17,240,17
1536,10,17,240,17
1536,10,17,240,17
1536,10,17,300,17
1536,10,17,300,17
1536,10,17,300,17
1536,10,17,300,16
1536,10,17,300,17
1536,10,17,360,13
1536,10,17,360,17
1536,10,17,360,17
1536,10,17,360,17
1536,10,17,360,17
1536,10,17,480,9
1536,10,17,480,9
1536,10,17,480,9
1536,10,17,480,9
1536,10,17,480,9
1536,10,17,600,9
1536,10,17,600,9
1536,10,17,600,9
1536,10,17,600,9
1536,10,17,600,9
1536,10,17,720,9
1536,10,17,720,9
1536,10,17,720,9
1536,10,17,720,9
1536,10,17,720,8
1536,10,17,900,4
1536,10,17,900,5
1536,10,17,900,5
1536,10,17,900,5
1536,10,17,900,5
1536,10,17,1080,5
1536,10,17,1080,5
1536,10,17,1080,5
1536,10,17,1080,5
1536,10,17,1080,4
1536,10,17,1200,2
1536,10,17,1200,2
1536,10,17,1200,3
1536,10,17,1200,2
1536,10,17,1200,2
1536,10,18,360,18
1536,10,18,360,18
1536,10,18,360,18
1536,10,18,360,18
1536,10,18,360,18
1536,10,18,480,9
1536,10,18,480,10
1536,10,18,480,9
1536,10,18,480,9
1536,10,18,480,9
1536,10,18,600,9
1536,10,18,600,9
1536,10,18,600,8
1536,10,18,600,9
1536,10,18,600,9
1536,10,18,720,4
1536,10,18,720,9
1536,10,18,720,9
1536,10,18,720,9
1536,10,18,720,9
1536,10,18,900,0
1536,10,18,900,5
1536,10,18,900,5
1536,10,18,900,5
1536,10,18,900,5
1536,10,18,1080,4
1536,10,18,1080,5
1536,10,18,1080,5
1536,10,18,1080,5
1536,10,18,1080,5
1536,10,18,1200,2
1536,10,18,1200,2
1536,10,18,1200,3
1536,10,18,1200,3
1536,10,18,1200,3
1536,10,14,360,14
1536,10,14,360,14
1536,10,14,360,14
1536,10,14,360,14
1536,10,14,360,14
1536,10,14,480,7
1536,10,14,480,8
1536,10,14,480,7
1536,10,14,480,7
1536,10,14,480,7
1536,10,14,600,8
1536,10,14,600,7
1536,10,14,600,7
1536,10,14,600,7
1536,10,14,600,7
1536,10,14,720,7
1536,10,14,720,6
1536,10,14,720,7
1536,10,14,720,7
1536,10,14,720,7
1536,10,14,900,4
1536,10,14,900,4
1536,10,14,900,4
1536,10,14,900,4
1536,10,14,900,4
1536,10,14,1080,3
1536,10,14,1080,4
1536,10,14,1080,4
1536,10,14,1080,4
1536,10,14,1080,4
1536,10,14,1200,2
1536,10,14,1200,2
1536,10,14,1200,2
1536,10,14,1200,2
1536,10,14,1200,2
1536,10,4,360,4
1536,10,4,360,4
1536,10,4,360,4
1536,10,4,360,4
1536,10,4,360,4
1536,10,4,480,2
1536,10,4,480,2
1536,10,4,480,2
1536,10,4,480,2
1536,10,4,480,2
1536,10,4,600,2
1536,10,4,600,2
1536,10,4,600,2
1536,10,4,600,2
1536,10,4,600,2
1536,10,4,720,2
1536,10,4,720,2
1536,10,4,720,2
1536,10,4,720,2
1536,10,4,720,2
1536,10,4,900,1
1536,10,4,900,1
1536,10,4,900,1
1536,10,4,900,1
1536,10,4,900,1
1536,10,4,1080,1
1536,10,4,1080,1
1536,10,4,1080,1
1536,10,4,1080,1
1536,10,4,1080,1
1536,10,4,1200,0
1536,10,4,1200,0
1536,10,4,1200,0
1536,10,4,1200,0
1536,10,4,1200,0
1536,10,2,360,2
1536,10,2,480,0
1536,10,2,600,1
1536,10,2,720,1
1536,10,2,900,0
1536,10,2,1080,0
1536,10,2,1200,0
1536,10,11,420,4
1536,10,11,420,6
1536,10,11,420,6
1536,10,11,420,6
1536,10,11,420,5
1536,10,11,540,4
1536,10,11,540,6
1536,10,11,540,6
1536,10,11,540,5
1536,10,11,540,6
1536,10,11,660,4
1536,10,11,660,5
1536,10,11,660,6
1536,10,11,660,6
1536,10,11,660,6
1536,10,11,780,3
1536,10,11,780,3
1536,10,11,780,3
1536,10,11,780,3
1536,10,11,780,3
1536,10,11,840,3
1536,10,11,840,2
1536,10,11,840,3
1536,10,11,840,3
1536,10,11,840,3
1536,10,11,960,3
1536,10,11,960,3
1536,10,11,960,3
1536,10,11,960,3
1536,10,11,960,3
1536,10,11,1020,3
1536,10,11,1020,2
1536,10,11,1020,3
1536,10,11,1020,3
1536,10,11,1020,3
1536,10,11,1140,2
1536,10,11,1140,2
1536,10,11,1140,1
1536,10,11,1140,1
1536,10,11,1140,2
1536,10,11,1260,2
1536,10,11,1260,2
1536,10,11,1260,2
1536,10,11,1260,2
1536,10,11,1260,0
1536,10,11,1320,2
1536,10,11,1320,2
1536,10,11,1320,2
1536,10,11,1320,1
1536,10,11,1320,2
1536,10,18,420,10
1536,10,18,420,10
1536,10,18,420,9
1536,10,18,420,9
1536,10,18,420,9
1536,10,18,540,4
1536,10,18,540,10
1536,10,18,540,9
1536,10,18,540,9
1536,10,18,540,9
1536,10,18,660,8
1536,10,18,660,9
1536,10,18,660,9
1536,10,18,660,9
1536,10,18,660,9
1536,10,18,780,5
1536,10,18,780,5
1536,10,18,780,5
1536,10,18,780,5
1536,10,18,780,5
1536,10,18,840,4
1536,10,18,840,5
1536,10,18,840,4
1536,10,18,840,4
1536,10,18,840,5
1536,10,18,960,4
1536,10,18,960,4
1536,10,18,960,5
1536,10,18,960,5
1536,10,18,960,5
1536,10,18,1020,6
1536,10,18,1020,3
1536,10,18,1020,5
1536,10,18,1020,4
1536,10,18,1020,5
1536,10,18,1140,1
1536,10,18,1140,3
1536,10,18,1140,3
1536,10,18,1140,2
1536,10,18,1140,3
1536,10,18,1260,1
1536,10,18,1260,2
1536,10,18,1260,3
1536,10,18,1260,3
1536,10,18,1260,3
1536,10,18,1320,2
1536,10,18,1320,2
1536,10,18,1320,3
1536,10,18,1320,3
1536,10,18,1320,3
1536,10,17,420,9
1536,10,17,420,9
1536,10,17,420,9
1536,10,17,420,9
1536,10,17,420,9
1536,10,17,540,9
1536,10,17,540,9
1536,10,17,540,9
1536,10,17,540,9
1536,10,17,540,9
1536,10,17,660,9
1536,10,17,660,8
1536,10,17,660,8
1536,10,17,660,9
1536,10,17,660,9
1536,10,17,780,4
1536,10,17,780,4
1536,10,17,780,4
1536,10,17,780,5
1536,10,17,780,5
1536,10,17,840,5
1536,10,17,840,5
1536,10,17,840,5
1536,10,17,840,5
1536,10,17,840,4
1536,10,17,960,4
1536,10,17,960,4
1536,10,17,960,5
1536,10,17,960,5
1536,10,17,960,4
1536,10,17,1020,4
1536,10,17,1020,4
1536,10,17,1020,5
1536,10,17,1020,5
1536,10,17,1020,5
1536,10,17,1140,2
1536,10,17,1140,2
1536,10,17,1140,3
1536,10,17,1140,3
1536,10,17,1140,1
1536,10,17,1260,2
1536,10,17,1260,2
1536,10,17,1260,2
1536,10,17,1260,3
1536,10,17,1260,3
1536,10,17,1320,2
1536,10,17,1320,2
1536,10,17,1320,3
1536,10,17,1320,3
1536,10,17,1320,3
1536,10,5,420,3
1536,10,5,420,3
1536,10,5,420,3
1536,10,5,420,3
1536,10,5,420,3
1536,10,5,540,2
1536,10,5,540,3
1536,10,5,540,3
1536,10,5,540,3
1536,10,5,540,3
1536,10,5,660,2
1536,10,5,660,3
1536,10,5,660,3
1536,10,5,660,3
1536,10,5,660,3
1536,10,5,780,1
1536,10,5,780,2
1536,10,5,780,0
1536,10,5,780,2
1536,10,5,780,2
1536,10,5,840,1
1536,10,5,840,2
1536,10,5,840,2
1536,10,5,840,2
1536,10,5,840,2
1536,10,5,960,1
1536,10,5,960,2
1536,10,5,960,1
1536,10,5,960,2
1536,10,5,960,2
1536,10,5,1020,1
1536,10,5,1020,2
1536,10,5,1020,2
1536,10,5,1020,2
1536,10,5,1020,0
1536,10,5,1140,1
1536,10,5,1140,1
1536,10,5,1140,1
1536,10,5,1140,1
1536,10,5,1140,1
1536,10,5,1260,0
1536,10,5,1260,0
1536,10,5,1260,1
1536,10,5,1260,1
1536,10,5,1260,1
1536,10,5,1320,0
1536,10,5,1320,1
1536,10,5,1320,1
1536,10,5,1320,1
1536,10,5,1320,1
1536,10,19,360,18
1536,10,19,360,19
1536,10,19,360,19
1536,10,19,360,19
1536,10,19,360,19
1536,10,19,480,10
1536,10,19,480,9
1536,10,19,480,10
1536,10,19,480,10
1536,10,19,480,10
1536,10,19,600,10
1536,10,19,600,10
1536,10,19,600,10
1536,10,19,600,10
1536,10,19,600,10
1536,10,19,720,10
1536,10,19,720,10
1536,10,19,720,9
1536,10,19,720,10
1536,10,19,720,10
1536,10,19,900,5
1536,10,19,900,5
1536,10,19,900,4
1536,10,19,900,5
1536,10,19,900,5
1536,10,19,1080,4
1536,10,19,1080,5
1536,10,19,1080,5
1536,10,19,1080,5
1536,10,19,1080,5
1536,10,19,1200,3
1536,10,19,1200,2
1536,10,19,1200,3
1536,10,19,1200,3
1536,10,19,1200,3
1536,10,11,1,8
1536,10,11,1,7
1536,10,11,1,10
1536,10,11,1,6
1536,10,11,1,11
1536,10,11,2,10
1536,10,11,2,11
1536,10,11,2,7
1536,10,11,2,9
1536,10,11,2,9
1536,10,11,4,9
1536,10,11,4,11
1536,10,11,4,11
1536,10,11,4,11
1536,10,11,4,11
1536,10,11,8,9
1536,10,11,8,11
1536,10,11,8,11
1536,10,11,8,11
1536,10,11,8,10
1536,10,11,15,10
1536,10,11,15,11
1536,10,11,15,11
1536,10,11,15,11
1536,10,11,15,11
1536,10,11,30,9
1536,10,11,30,11
1536,10,11,30,11
1536,10,11,30,11
1536,10,11,30,11
1536,10,11,60,10
1536,10,11,60,11
1536,10,11,60,11
1536,10,11,60,11
1536,10,11,60,11
1536,10,11,120,11
1536,10,11,120,10
1536,10,11,120,10
1536,10,11,120,11
1536,10,11,120,11
1536,10,11,180,10
1536,10,11,180,11
1536,10,11,180,11
1536,10,11,180,11
1536,10,11,180,11
1536,10,11,240,11
1536,10,11,240,11
1536,10,11,240,11
1536,10,11,240,11
1536,10,11,240,10
1536,10,11,300,11
1536,10,11,300,9
1536,10,11,300,11
1536,10,11,300,11
1536,10,11,300,10
1536,10,10,1,6
1536,10,10,1,10
1536,10,10,1,10
1536,10,10,1,8
1536,10,10,1,10
1536,10,10,2,10
1536,10,10,2,9
1536,10,10,2,10
1536,10,10,2,10
1536,10,10,2,10
1536,10,10,4,10
1536,10,10,4,9
1536,10,10,4,3
1536,10,10,4,2
1536,10,10,4,10
1536,10,10,8,6
1536,10,10,8,10
1536,10,10,8,10
1536,10,10,8,10
1536,10,10,8,9
1536,10,10,15,6
1536,10,10,15,10
1536,10,10,15,10
1536,10,10,15,10
1536,10,10,15,10
1536,10,10,30,8
1536,10,10,30,9
1536,10,10,30,9
1536,10,10,30,10
1536,10,10,30,10
1536,10,10,60,9
1536,10,10,60,8
1536,10,10,60,10
1536,10,10,60,10
1536,10,10,60,10
1536,10,10,120,8
1536,10,10,120,10
1536,10,10,120,9
1536,10,10,120,10
1536,10,10,120,10
1536,10,10,180,8
1536,10,10,180,9
1536,10,10,180,9
1536,10,10,180,10
1536,10,10,180,10
1536,10,10,240,10
1536,10,10,240,10
1536,10,10,240,10
1536,10,10,240,10
1536,10,10,240,10
1536,10,10,300,8
1536,10,10,300,8
1536,10,10,300,10
1536,10,10,300,10
1536,10,10,300,10
1536,10,3,1,3
1536,10,3,1,2
1536,10,3,1,3
1536,10,3,1,2
1536,10,3,1,3
1536,10,3,2,3
1536,10,3,2,3
1536,10,3,2,3
1536,10,3,2,3
1536,10,3,2,3
1536,10,3,4,3
1536,10,3,4,3
1536,10,3,4,3
1536,10,3,4,3
1536,10,3,4,3
1536,10,3,8,2
1536,10,3,8,3
1536,10,3,8,3
1536,10,3,8,2
1536,10,3,8,3
1536,10,3,15,1
1536,10,3,15,3
1536,10,3,15,3
1536,10,3,15,3
1536,10,3,15,3
1536,10,3,30,3
1536,10,3,30,3
1536,10,3,30,1
1536,10,3,30,1
1536,10,3,30,2
1536,10,3,60,3
1536,10,3,60,3
1536,10,3,60,3
1536,10,3,60,3
1536,10,3,60,3
1536,10,3,120,1
1536,10,3,120,3
1536,10,3,120,2
1536,10,3,120,3
1536,10,3,120,3
1536,10,3,180,2
1536,10,3,180,3
1536,10,3,180,3
1536,10,3,180,3
1536,10,3,180,3
1536,10,3,240,3
1536,10,3,240,3
1536,10,3,240,3
1536,10,3,240,3
1536,10,3,240,3
1536,10,3,300,3
1536,10,3,300,2
1536,10,3,300,3
1536,10,3,300,3
1536,10,3,300,3
1536,10,7,1,3
1536,10,7,1,5
1536,10,7,1,7
1536,10,7,1,4
1536,10,7,1,7
1536,10,7,2,4
1536,10,7,2,6
1536,10,7,2,1
1536,10,7,2,7
1536,10,7,2,3
1536,10,7,4,6
1536,10,7,4,7
1536,10,7,4,7
1536,10,7,4,6
1536,10,7,4,7
1536,10,7,8,6
1536,10,7,8,6
1536,10,7,8,7
1536,10,7,8,7
1536,10,7,8,7
1536,10,7,15,7
1536,10,7,15,6
1536,10,7,15,7
1536,10,7,15,7
1536,10,7,15,7
1536,10,7,30,7
1536,10,7,30,5
1536,10,7,30,7
1536,10,7,30,7
1536,10,7,30,7
1536,10,7,60,6
1536,10,7,60,7
1536,10,7,60,7
1536,10,7,60,7
1536,10,7,60,7
1536,10,7,120,7
1536,10,7,120,7
1536,10,7,120,7
1536,10,7,120,7
1536,10,7,120,7
1536,10,7,180,7
1536,10,7,180,4
1536,10,7,180,7
1536,10,7,180,6
1536,10,7,180,7
1536,10,7,240,7
1536,10,7,240,7
1536,10,7,240,7
1536,10,7,240,7
1536,10,7,240,7
1536,10,7,300,7
1536,10,7,300,6
1536,10,7,300,6
1536,10,7,300,7
1536,10,7,300,6
1536,10,6,1,6
1536,10,6,1,6
1536,10,6,1,6
1536,10,6,1,6
1536,10,6,1,6
1536,10,6,2,3
1536,10,6,2,6
1536,10,6,2,6
1536,10,6,2,6
1536,10,6,2,1
1536,10,6,4,4
1536,10,6,4,4
1536,10,6,4,6
1536,10,6,4,6
1536,10,6,4,6
1536,10,6,8,6
1536,10,6,8,6
1536,10,6,8,4
1536,10,6,8,2
1536,10,6,8,2
1536,10,6,15,6
1536,10,6,15,4
1536,10,6,15,6
1536,10,6,15,6
1536,10,6,15,6
1536,10,6,30,6
1536,10,6,30,4
1536,10,6,30,6
1536,10,6,30,4
1536,10,6,30,4
1536,10,6,60,4
1536,10,6,60,6
1536,10,6,60,6
1536,10,6,60,6
1536,10,6,60,6
1536,10,6,120,4
1536,10,6,120,6
1536,10,6,120,6
1536,10,6,120,6
1536,10,6,120,6
1536,10,6,180,5
1536,10,6,180,4
1536,10,6,180,6
1536,10,6,180,6
1536,10,6,180,6
1536,10,6,240,6
1536,10,6,240,6
1536,10,6,240,6
1536,10,6,240,6
1536,10,6,240,6
1536,10,6,300,1
1536,10,6,300,5
1536,10,6,300,6
1536,10,6,300,6
1536,10,6,300,6
1536,10,2,420,1
1536,10,2,420,1
1536,10,2,420,1
1536,10,2,420,1
1536,10,2,420,1
1536,10,2,540,1
1536,10,2,540,1
1536,10,2,540,1
1536,10,2,540,1
1536,10,2,540,1
1536,10,2,660,0
1536,10,2,660,1
1536,10,2,660,1
1536,10,2,660,1
1536,10,2,660,1
1536,10,2,780,0
1536,10,2,780,0
1536,10,2,780,0
1536,10,2,780,0
1536,10,2,780,0
1536,10,2,840,0
1536,10,2,840,0
1536,10,2,840,0
1536,10,2,840,0
1536,10,2,840,0
1536,10,2,960,0
1536,10,2,960,0
1536,10,2,960,0
1536,10,2,960,0
1536,10,2,960,0
1536,10,2,1020,0
1536,10,2,1020,0
1536,10,2,1020,0
1536,10,2,1020,0
1536,10,2,1020,0
1536,10,2,1140,0
1536,10,2,1140,0
1536,10,2,1140,0
1536,10,2,1140,0
1536,10,2,1140,0
1536,10,2,1260,0
1536,10,2,1260,0
1536,10,2,1260,0
1536,10,2,1260,0
1536,10,2,1260,0
1536,10,2,1320,0
1536,10,2,1320,0
1536,10,2,1320,0
1536,10,2,1320,0
1536,10,2,1320,0
1536,10,9,360,8
1536,10,9,360,8
1536,10,9,360,9
1536,10,9,360,9
1536,10,9,360,9
1536,10,9,480,4
1536,10,9,480,5
1536,10,9,480,5
1536,10,9,480,5
1536,10,9,480,5
1536,10,9,600,5
1536,10,9,600,4
1536,10,9,600,5
1536,10,9,600,5
1536,10,9,600,5
1536,10,9,720,4
1536,10,9,720,4
1536,10,9,720,5
1536,10,9,720,5
1536,10,9,720,5
1536,10,9,900,2
1536,10,9,900,3
1536,10,9,900,3
1536,10,9,900,3
1536,10,9,900,3
1536,10,9,1080,2
1536,10,9,1080,2
1536,10,9,1080,2
1536,10,9,1080,3
1536,10,9,1080,3
1536,10,9,1200,1
1536,10,9,1200,1
1536,10,9,1200,2
1536,10,9,1200,2
1536,10,9,1200,2
1536,10,8,420,4
1536,10,8,420,3
1536,10,8,420,4
1536,10,8,420,4
1536,10,8,420,4
1536,10,8,540,4
1536,10,8,540,5
1536,10,8,540,4
1536,10,8,540,4
1536,10,8,540,4
1536,10,8,660,4
1536,10,8,660,4
1536,10,8,660,4
1536,10,8,660,4
1536,10,8,660,4
1536,10,8,780,2
1536,10,8,780,2
1536,10,8,780,2
1536,10,8,780,2
1536,10,8,780,2
1536,10,8,840,3
1536,10,8,840,0
1536,10,8,840,2
1536,10,8,840,2
1536,10,8,840,2
1536,10,8,960,2
1536,10,8,960,2
1536,10,8,960,2
1536,10,8,960,2
1536,10,8,960,2
1536,10,8,1020,2
1536,10,8,1020,2
1536,10,8,1020,2
1536,10,8,1020,2
1536,10,8,1020,2
1536,10,8,1140,1
1536,10,8,1140,1
1536,10,8,1140,1
1536,10,8,1140,1
1536,10,8,1140,1
1536,10,8,1260,1
1536,10,8,1260,1
1536,10,8,1260,1
1536,10,8,1260,1
1536,10,8,1260,1
1536,10,8,1320,1
1536,10,8,1320,1
1536,10,8,1320,1
1536,10,8,1320,1
1536,10,8,1320,1
1536,10,10,420,5
1536,10,10,420,5
1536,10,10,420,5
1536,10,10,420,5
1536,10,10,420,5
1536,10,10,540,5
1536,10,10,540,5
1536,10,10,540,5
1536,10,10,540,5
1536,10,10,540,5
1536,10,10,660,5
1536,10,10,660,5
1536,10,10,660,5
1536,10,10,660,5
1536,10,10,660,5
1536,10,10,780,2
1536,10,10,780,3
1536,10,10,780,3
1536,10,10,780,3
1536,10,10,780,3
1536,10,10,840,3
1536,10,10,840,3
1536,10,10,840,3
1536,10,10,840,3
1536,10,10,840,3
1536,10,10,960,2
1536,10,10,960,3
1536,10,10,960,3
1536,10,10,960,3
1536,10,10,960,3
1536,10,10,1020,3
1536,10,10,1020,3
1536,10,10,1020,3
1536,10,10,1020,3
1536,10,10,1020,3
1536,10,10,1140,2
1536,10,10,1140,2
1536,10,10,1140,2
1536,10,10,1140,2
1536,10,10,1140,1
1536,10,10,1260,2
1536,10,10,1260,2
1536,10,10,1260,2
1536,10,10,1260,2
1536,10,10,1260,2
1536,10,10,1320,1
1536,10,10,1320,2
1536,10,10,1320,2
1536,10,10,1320,2
1536,10,10,1320,1
1536,10,12,360,12
1536,10,12,360,12
1536,10,12,360,12
1536,10,12,360,12
1536,10,12,360,12
1536,10,12,480,7
1536,10,12,480,6
1536,10,12,480,6
1536,10,12,480,6
1536,10,12,480,6
1536,10,12,600,7
1536,10,12,600,6
1536,10,12,600,6
1536,10,12,600,6
1536,10,12,600,6
1536,10,12,720,6
1536,10,12,720,6
1536,10,12,720,6
1536,10,12,720,6
1536,10,12,720,6
1536,10,12,900,3
1536,10,12,900,3
1536,10,12,900,3
1536,10,12,900,3
1536,10,12,900,3
1536,10,12,1080,3
1536,10,12,1080,3
1536,10,12,1080,3
1536,10,12,1080,3
1536,10,12,1080,3
1536,10,12,1200,2
1536,10,12,1200,2
1536,10,12,1200,2
1536,10,12,1200,2
1536,10,12,1200,2
1536,10,8,1,8
1536,10,8,1,6
1536,10,8,1,8
1536,10,8,1,7
1536,10,8,1,8
1536,10,8,2,4
1536,10,8,2,4
1536,10,8,2,6
1536,10,8,2,4
1536,10,8,2,2
1536,10,8,4,7
1536,10,8,4,8
1536,10,8,4,8
1536,10,8,4,8
1536,10,8,4,8
1536,10,8,8,6
1536,10,8,8,8
1536,10,8,8,7
1536,10,8,8,7
1536,10,8,8,3
1536,10,8,15,5
1536,10,8,15,7
1536,10,8,15,8
1536,10,8,15,8
1536,10,8,15,8
1536,10,8,30,7
1536,10,8,30,3
1536,10,8,30,7
1536,10,8,30,5
1536,10,8,30,5
1536,10,8,60,5
1536,10,8,60,8
1536,10,8,60,8
1536,10,8,60,8
1536,10,8,60,8
1536,10,8,120,7
1536,10,8,120,8
1536,10,8,120,8
1536,10,8,120,8
1536,10,8,120,8
1536,10,8,180,5
1536,10,8,180,7
1536,10,8,180,8
1536,10,8,180,6
1536,10,8,180,8
1536,10,8,240,8
1536,10,8,240,8
1536,10,8,240,8
1536,10,8,240,8
1536,10,8,240,8
1536,10,8,300,6
1536,10,8,300,7
1536,10,8,300,8
1536,10,8,300,8
1536,10,8,300,8
1536,10,14,1,11
1536,10,14,1,14
1536,10,14,1,14
1536,10,14,1,14
1536,10,14,1,14
1536,10,14,2,9
1536,10,14,2,14
1536,10,14,2,6
1536,10,14,2,5
1536,10,14,2,11
1536,10,14,4,11
1536,10,14,4,12
1536,10,14,4,14
1536,10,14,4,13
1536,10,14,4,14
1536,10,14,8,13
1536,10,14,8,11
1536,10,14,8,1
1536,10,14,8,1
1536,10,14,8,5
1536,10,14,15,14
1536,10,14,15,12
1536,10,14,15,8
1536,10,14,15,14
1536,10,14,15,12
1536,10,14,30,10
1536,10,14,30,7
1536,10,14,30,7
1536,10,14,30,9
1536,10,14,30,7
1536,10,14,60,14
1536,10,14,60,13
1536,10,14,60,14
1536,10,14,60,14
1536,10,14,60,14
1536,10,14,120,11
1536,10,14,120,14
1536,10,14,120,13
1536,10,14,120,14
1536,10,14,120,13
1536,10,14,180,14
1536,10,14,180,12
1536,10,14,180,13
1536,10,14,180,14
1536,10,14,180,14
1536,10,14,240,14
1536,10,14,240,14
1536,10,14,240,14
1536,10,14,240,14
1536,10,14,240,14
1536,10,14,300,13
1536,10,14,300,12
1536,10,14,300,14
1536,10,14,300,14
1536,10,14,300,14
1536,10,19,420,10
1536,10,19,420,10
1536,10,19,420,10
1536,10,19,420,10
1536,10,19,420,10
1536,10,19,540,9
1536,10,19,540,10
1536,10,19,540,10
1536,10,19,540,10
1536,10,19,540,10
1536,10,19,660,10
1536,10,19,660,10
1536,10,19,660,10
1536,10,19,660,10
1536,10,19,660,10
1536,10,19,780,5
1536,10,19,780,5
1536,10,19,780,5
1536,10,19,780,5
1536,10,19,780,5
1536,10,19,840,5
1536,10,19,840,5
1536,10,19,840,5
1536,10,19,840,5
1536,10,19,840,5
1536,10,19,960,5
1536,10,19,960,5
1536,10,19,960,4
1536,10,19,960,5
1536,10,19,960,5
1536,10,19,1020,6
1536,10,19,1020,5
1536,10,19,1020,5
1536,10,19,1020,5
1536,10,19,1020,5
1536,10,19,1140,4
1536,10,19,1140,3
1536,10,19,1140,3
1536,10,19,1140,2
1536,10,19,1140,2
1536,10,19,1260,3
1536,10,19,1260,3
1536,10,19,1260,2
1536,10,19,1260,3
1536,10,19,1260,3
1536,10,19,1320,2
1536,10,19,1320,3
1536,10,19,1320,3
1536,10,19,1320,3
1536,10,19,1320,2
1536,10,16,360,12
1536,10,16,480,8
1536,10,16,600,7
1536,10,16,720,8
1536,10,16,900,3
1536,10,16,1080,2
1536,10,16,1200,2
1536,10,5,360,5
1536,10,5,360,5
1536,10,5,360,5
1536,10,5,360,5
1536,10,5,360,5
1536,10,5,480,2
1536,10,5,480,3
1536,10,5,480,3
1536,10,5,480,3
1536,10,5,480,3
1536,10,5,600,3
1536,10,5,600,3
1536,10,5,600,2
1536,10,5,600,3
1536,10,5,600,2
1536,10,5,720,2
1536,10,5,720,3
1536,10,5,720,3
1536,10,5,720,3
1536,10,5,720,3
1536,10,5,900,1
1536,10,5,900,1
1536,10,5,900,2
1536,10,5,900,2
1536,10,5,900,2
1536,10,5,1080,2
1536,10,5,1080,2
1536,10,5,1080,2
1536,10,5,1080,2
1536,10,5,1080,1
1536,10,5,1200,1
1536,10,5,1200,0
1536,10,5,1200,1
1536,10,5,1200,1
1536,10,5,1200,1
1536,10,5,1,5
1536,10,5,1,4
1536,10,5,1,4
1536,10,5,1,5
1536,10,5,1,4
1536,10,5,2,5
1536,10,5,2,3
1536,10,5,2,4
1536,10,5,2,5
1536,10,5,2,3
1536,10,5,4,4
1536,10,5,4,4
1536,10,5,4,5
1536,10,5,4,5
1536,10,5,4,5
1536,10,5,8,2
1536,10,5,8,5
1536,10,5,8,5
1536,10,5,8,3
1536,10,5,8,5
1536,10,5,15,4
1536,10,5,15,5
1536,10,5,15,3
1536,10,5,15,5
1536,10,5,15,5
1536,10,5,30,4
1536,10,5,30,2
1536,10,5,30,4
1536,10,5,30,4
1536,10,5,30,3
1536,10,5,60,4
1536,10,5,60,5
1536,10,5,60,5
1536,10,5,60,5
1536,10,5,60,5
1536,10,5,120,4
1536,10,5,120,4
1536,10,5,120,5
1536,10,5,120,5
1536,10,5,120,5
1536,10,5,180,5
1536,10,5,180,5
1536,10,5,180,4
1536,10,5,180,4
1536,10,5,180,5
1536,10,5,240,5
1536,10,5,240,5
1536,10,5,240,5
1536,10,5,240,5
1536,10,5,240,5
1536,10,5,300,5
1536,10,5,300,4
1536,10,5,300,5
1536,10,5,300,5
1536,10,5,300,5
1536,10,13,1,13
1536,10,13,1,13
1536,10,13,1,12
1536,10,13,1,12
1536,10,13,1,13
1536,10,13,2,9
1536,10,13,2,12
1536,10,13,2,9
1536,10,13,2,13
1536,10,13,2,13
1536,10,13,4,12
1536,10,13,4,8
1536,10,13,4,13
1536,10,13,4,11
1536,10,13,4,13
1536,10,13,8,13
1536,10,13,8,12
1536,10,13,8,13
1536,10,13,8,13
1536,10,13,8,13
1536,10,13,15,12
1536,10,13,15,12
1536,10,13,15,13
1536,10,13,15,12
1536,10,13,15,13
1536,10,13,30,12
1536,10,13,30,12
1536,10,13,30,12
1536,10,13,30,12
1536,10,13,30,9
1536,10,13,60,11
1536,10,13,60,13
1536,10,13,60,13
1536,10,13,60,13
1536,10,13,60,13
1536,10,13,120,9
1536,10,13,120,13
1536,10,13,120,13
1536,10,13,120,13
1536,10,13,120,13
1536,10,13,180,13
1536,10,13,180,13
1536,10,13,180,12
1536,10,13,180,13
1536,10,13,180,12
1536,10,13,240,13
1536,10,13,240,12
1536,10,13,240,13
1536,10,13,240,12
1536,10,13,240,13
1536,10,13,300,12
1536,10,13,300,13
1536,10,13,300,13
1536,10,13,300,11
1536,10,13,300,13
1536,10,4,420,2
1536,10,4,420,2
1536,10,4,420,2
1536,10,4,420,2
1536,10,4,420,2
1536,10,4,540,1
1536,10,4,540,2
1536,10,4,540,2
1536,10,4,540,2
1536,10,4,540,2
1536,10,4,660,2
1536,10,4,660,2
1536,10,4,660,2
1536,10,4,660,2
1536,10,4,660,2
1536,10,4,780,1
1536,10,4,780,1
1536,10,4,780,1
1536,10,4,780,1
1536,10,4,780,1
1536,10,4,840,1
1536,10,4,840,1
1536,10,4,840,1
1536,10,4,840,1
1536,10,4,840,1
1536,10,4,960,1
1536,10,4,960,1
1536,10,4,960,1
1536,10,4,960,1
1536,10,4,960,1
1536,10,4,1020,0
1536,10,4,1020,1
1536,10,4,1020,1
1536,10,4,1020,1
1536,10,4,1020,1
1536,10,4,1140,0
1536,10,4,1140,0
1536,10,4,1140,0
1536,10,4,1140,0
1536,10,4,1140,0
1536,10,4,1260,0
1536,10,4,1260,0
1536,10,4,1260,0
1536,10,4,1260,0
1536,10,4,1260,0
1536,10,4,1320,0
1536,10,4,1320,0
1536,10,4,1320,0
1536,10,4,1320,0
1536,10,4,1320,0
1536,10,14,420,7
1536,10,14,420,7
1536,10,14,420,7
1536,10,14,420,7
1536,10,14,420,7
1536,10,14,540,8
1536,10,14,540,7
1536,10,14,540,7
1536,10,14,540,7
1536,10,14,540,7
1536,10,14,660,7
1536,10,14,660,7
1536,10,14,660,7
1536,10,14,660,7
1536,10,14,660,6
1536,10,14,780,4
1536,10,14,780,4
1536,10,14,780,4
1536,10,14,780,4
1536,10,14,780,4
1536,10,14,840,4
1536,10,14,840,4
1536,10,14,840,4
1536,10,14,840,3
1536,10,14,840,4
1536,10,14,960,3
1536,10,14,960,4
1536,10,14,960,4
1536,10,14,960,4
1536,10,14,960,4
1536,10,14,1020,4
1536,10,14,1020,4
1536,10,14,1020,4
1536,10,14,1020,4
1536,10,14,1020,4
1536,10,14,1140,2
1536,10,14,1140,2
1536,10,14,1140,2
1536,10,14,1140,2
1536,10,14,1140,2
1536,10,14,1260,1
1536,10,14,1260,2
1536,10,14,1260,2
1536,10,14,1260,2
1536,10,14,1260,2
1536,10,14,1320,2
1536,10,14,1320,2
1536,10,14,1320,2
1536,10,14,1320,2
1536,10,14,1320,2
1536,10,18,1,17
1536,10,18,1,18
1536,10,18,1,16
1536,10,18,1,18
1536,10,18,1,18
1536,10,18,2,15
1536,10,18,2,17
1536,10,18,2,18
1536,10,18,2,13
1536,10,18,2,18
1536,10,18,4,7
1536,10,18,4,14
1536,10,18,4,8
1536,10,18,4,10
1536,10,18,4,16
1536,10,18,8,10
1536,10,18,8,18
1536,10,18,8,18
1536,10,18,8,18
1536,10,18,8,18
1536,10,18,15,18
1536,10,18,15,14
1536,10,18,15,18
1536,10,18,15,18
1536,10,18,15,18
1536,10,18,30,18
1536,10,18,30,18
1536,10,18,30,18
1536,10,18,30,13
1536,10,18,30,18
1536,10,18,60,14
1536,10,18,60,18
1536,10,18,60,18
1536,10,18,60,18
1536,10,18,60,18
1536,10,18,120,18
1536,10,18,120,16
1536,10,18,120,17
1536,10,18,120,18
1536,10,18,120,18
1536,10,18,180,18
1536,10,18,180,15
1536,10,18,180,18
1536,10,18,180,18
1536,10,18,180,18
1536,10,18,240,15
1536,10,18,240,18
1536,10,18,240,18
1536,10,18,240,18
1536,10,18,240,18
1536,10,18,300,17
1536,10,18,300,18
1536,10,18,300,18
1536,10,18,300,18
1536,10,18,300,18
1536,10,20,360,15
1536,10,20,360,20
1536,10,20,360,20
1536,10,20,360,20
1536,10,20,360,19
1536,10,20,480,11
1536,10,20,480,11
1536,10,20,480,10
1536,10,20,480,10
1536,10,20,480,10
1536,10,20,600,11
1536,10,20,600,8
1536,10,20,600,10
1536,10,20,600,10
1536,10,20,600,10
1536,10,20,720,8
1536,10,20,720,11
1536,10,20,720,10
1536,10,20,720,10
1536,10,20,720,10
1536,10,20,900,5
1536,10,20,900,5
1536,10,20,900,5
1536,10,20,900,5
1536,10,20,900,5
1536,10,20,1080,3
1536,10,20,1080,5
1536,10,20,1080,5
1536,10,20,1080,5
1536,10,20,1080,5
1536,10,20,1200,3
1536,10,20,1200,3
1536,10,20,1200,3
1536,10,20,1200,3
1536,10,20,1200,3
1536,10,13,360,13
1536,10,13,360,12
1536,10,13,360,13
1536,10,13,360,12
1536,10,13,360,13
1536,10,13,480,5
1536,10,13,480,6
1536,10,13,480,7
1536,10,13,480,7
1536,10,13,480,7
1536,10,13,600,7
1536,10,13,600,7
1536,10,13,600,7
1536,10,13,600,7
1536,10,13,600,7
1536,10,13,720,6
1536,10,13,720,6
1536,10,13,720,7
1536,10,13,720,7
1536,10,13,720,7
1536,10,13,900,4
1536,10,13,900,3
1536,10,13,900,4
1536,10,13,900,4
1536,10,13,900,4
1536,10,13,1080,4
1536,10,13,1080,4
1536,10,13,1080,4
1536,10,13,1080,4
1536,10,13,1080,4
1536,10,13,1200,2
1536,10,13,1200,2
1536,10,13,1200,2
1536,10,13,1200,1
1536,10,13,1200,2
1536,10,6,420,0
1536,10,6,420,3
1536,10,6,420,3
1536,10,6,420,3
1536,10,6,420,3
1536,10,6,540,1
1536,10,6,540,3
1536,10,6,540,3
1536,10,6,540,3
1536,10,6,540,3
1536,10,6,660,3
1536,10,6,660,3
1536,10,6,660,2
1536,10,6,660,3
1536,10,6,660,3
1536,10,6,780,2
1536,10,6,780,2
1536,10,6,780,2
1536,10,6,780,2
1536,10,6,780,2
1536,10,6,840,2
1536,10,6,840,2
1536,10,6,840,2
1536,10,6,840,1
1536,10,6,840,2
1536,10,6,960,1
1536,10,6,960,2
1536,10,6,960,2
1536,10,6,960,2
1536,10,6,960,2
1536,10,6,1020,2
1536,10,6,1020,2
1536,10,6,1020,2
1536,10,6,1020,2
1536,10,6,1020,2
1536,10,6,1140,0
1536,10,6,1140,1
1536,10,6,1140,1
1536,10,6,1140,1
1536,10,6,1140,1
1536,10,6,1260,1
1536,10,6,1260,1
1536,10,6,1260,1
1536,10,6,1260,1
1536,10,6,1260,1
1536,10,6,1320,1
1536,10,6,1320,1
1536,10,6,1320,1
1536,10,6,1320,1
1536,10,6,1320,1
1536,10,3,420,2
1536,10,3,420,2
1536,10,3,420,2
1536,10,3,420,2
1536,10,3,420,2
1536,10,3,540,1
1536,10,3,540,2
1536,10,3,540,2
1536,10,3,540,2
1536,10,3,540,2
1536,10,3,660,2
1536,10,3,660,2
1536,10,3,660,2
1536,10,3,660,2
1536,10,3,660,2
1536,10,3,780,0
1536,10,3,780,1
1536,10,3,780,1
1536,10,3,780,1
1536,10,3,780,1
1536,10,3,840,0
1536,10,3,840,1
1536,10,3,840,1
1536,10,3,840,1
1536,10,3,840,1
1536,10,3,960,0
1536,10,3,960,1
1536,10,3,960,1
1536,10,3,960,1
1536,10,3,960,1
1536,10,3,1020,1
1536,10,3,1020,1
1536,10,3,1020,1
1536,10,3,1020,1
1536,10,3,1020,0
1536,10,3,1140,0
1536,10,3,1140,0
1536,10,3,1140,0
1536,10,3,1140,0
1536,10,3,1140,0
1536,10,3,1260,0
1536,10,3,1260,0
1536,10,3,1260,0
1536,10,3,1260,0
1536,10,3,1260,0
1536,10,3,1320,0
1536,10,3,1320,0
1536,10,3,1320,0
1536,10,3,1320,0
1536,10,3,1320,0
1536,10,9,1,9
1536,10,9,1,9
1536,10,9,1,9
1536,10,9,1,9
1536,10,9,1,7
1536,10,9,2,9
1536,10,9,2,9
1536,10,9,2,9
1536,10,9,2,9
1536,10,9,2,9
1536,10,9,4,9
1536,10,9,4,7
1536,10,9,4,9
1536,10,9,4,9
1536,10,9,4,8
1536,10,9,8,9
1536,10,9,8,9
1536,10,9,8,9
1536,10,9,8,9
1536,10,9,8,8
1536,10,9,15,7
1536,10,9,15,9
1536,10,9,15,9
1536,10,9,15,9
1536,10,9,15,9
1536,10,9,30,8
1536,10,9,30,9
1536,10,9,30,9
1536,10,9,30,9
1536,10,9,30,9
1536,10,9,60,8
1536,10,9,60,7
1536,10,9,60,3
1536,10,9,60,9
1536,10,9,60,9
1536,10,9,120,9
1536,10,9,120,9
1536,10,9,120,9
1536,10,9,120,9
1536,10,9,120,9
1536,10,9,180,9
1536,10,9,180,9
1536,10,9,180,9
1536,10,9,180,9
1536,10,9,180,9
1536,10,9,240,9
1536,10,9,240,9
1536,10,9,240,9
1536,10,9,240,7
1536,10,9,240,9
1536,10,9,300,8
1536,10,9,300,8
1536,10,9,300,9
1536,10,9,300,7
1536,10,9,300,8
1536,10,19,1,16
1536,10,19,1,19
1536,10,19,1,19
1536,10,19,1,19
1536,10,19,1,19
1536,10,19,2,17
1536,10,19,2,19
1536,10,19,2,16
1536,10,19,2,19
1536,10,19,2,19
1536,10,19,4,19
1536,10,19,4,17
1536,10,19,4,17
1536,10,19,4,19
1536,10,19,4,19
1536,10,19,8,11
1536,10,19,8,10
1536,10,19,8,17
1536,10,19,8,12
1536,10,19,8,4
1536,10,19,15,7
1536,10,19,15,11
1536,10,19,15,5
1536,10,19,15,14
1536,10,19,15,12
1536,10,19,30,18
1536,10,19,30,17
1536,10,19,30,19
1536,10,19,30,19
1536,10,19,30,19
1536,10,19,60,19
1536,10,19,60,17
1536,10,19,60,18
1536,10,19,60,19
1536,10,19,60,19
1536,10,19,120,17
1536,10,19,120,17
1536,10,19,120,19
1536,10,19,120,19
1536,10,19,120,19
1536,10,19,180,18
1536,10,19,180,16
1536,10,19,180,19
1536,10,19,180,19
1536,10,19,180,19
1536,10,19,240,16
1536,10,19,240,18
1536,10,19,240,19
1536,10,19,240,19
1536,10,19,240,19
1536,10,19,300,19
1536,10,19,300,18
1536,10,19,300,17
1536,10,19,300,19
1536,10,19,300,19
1536,10,15,1,15
1536,10,15,1,12
1536,10,15,1,15
1536,10,15,1,15
1536,10,15,1,15
1536,10,15,2,8
1536,10,15,2,11
1536,10,15,2,13
1536,10,15,2,14
1536,10,15,2,15
1536,10,15,4,12
1536,10,15,4,15
1536,10,15,4,15
1536,10,15,4,15
1536,10,15,4,15
1536,10,15,8,12
1536,10,15,8,5
1536,10,15,8,11
1536,10,15,8,11
1536,10,15,8,11
1536,10,15,15,14
1536,10,15,15,7
1536,10,15,15,15
1536,10,15,15,5
1536,10,15,15,4
1536,10,15,30,14
1536,10,15,30,15
1536,10,15,30,14
1536,10,15,30,15
1536,10,15,30,15
1536,10,15,60,15
1536,10,15,60,15
1536,10,15,60,15
1536,10,15,60,14
1536,10,15,60,15
1536,10,15,120,12
1536,10,15,120,14
1536,10,15,120,14
1536,10,15,120,12
1536,10,15,120,14
1536,10,15,180,13
1536,10,15,180,15
1536,10,15,180,15
1536,10,15,180,14
1536,10,15,180,15
1536,10,15,240,11
1536,10,15,240,14
1536,10,15,240,15
1536,10,15,240,15
1536,10,15,240,15
1536,10,15,300,7
1536,10,15,300,14
1536,10,15,300,15
1536,10,15,300,15
1536,10,15,300,15
1536,10,10,360,6
1536,10,10,360,10
1536,10,10,360,10
1536,10,10,360,10
1536,10,10,360,10
1536,10,10,480,6
1536,10,10,480,6
1536,10,10,480,5
1536,10,10,480,5
1536,10,10,480,5
1536,10,10,600,6
1536,10,10,600,6
1536,10,10,600,5
1536,10,10,600,5
1536,10,10,600,5
1536,10,10,720,3
1536,10,10,720,5
1536,10,10,720,5
1536,10,10,720,5
1536,10,10,720,5
1536,10,10,900,3
1536,10,10,900,3
1536,10,10,900,3
1536,10,10,900,3
1536,10,10,900,2
1536,10,10,1080,3
1536,10,10,1080,2
1536,10,10,1080,3
1536,10,10,1080,3
1536,10,10,1080,3
1536,10,10,1200,2
1536,10,10,1200,2
1536,10,10,1200,2
1536,10,10,1200,2
1536,10,10,1200,2
1536,10,13,420,7
1536,10,13,420,6
1536,10,13,420,7
1536,10,13,420,7
1536,10,13,420,7
1536,10,13,540,7
1536,10,13,540,7
1536,10,13,540,7
1536,10,13,540,7
1536,10,13,540,5
1536,10,13,660,7
1536,10,13,660,5
1536,10,13,660,7
1536,10,13,660,7
1536,10,13,660,7
1536,10,13,780,4
1536,10,13,780,3
1536,10,13,780,4
1536,10,13,780,4
1536,10,13,780,4
1536,10,13,840,4
1536,10,13,840,4
1536,10,13,840,4
1536,10,13,840,4
1536,10,13,840,4
1536,10,13,960,4
1536,10,13,960,3
1536,10,13,960,4
1536,10,13,960,4
1536,10,13,960,3
1536,10,13,1020,0
1536,10,13,1020,3
1536,10,13,1020,4
1536,10,13,1020,4
1536,10,13,1020,4
1536,10,13,1140,2
1536,10,13,1140,2
1536,10,13,1140,2
1536,10,13,1140,2
1536,10,13,1140,2
1536,10,13,1260,2
1536,10,13,1260,2
1536,10,13,1260,2
1536,10,13,1260,0
1536,10,13,1260,2
1536,10,13,1320,2
1536,10,13,1320,2
1536,10,13,1320,2
1536,10,13,1320,2
1536,10,13,1320,2
1536,10,7,420,3
1536,10,7,420,3
1536,10,7,420,4
1536,10,7,420,4
1536,10,7,420,4
1536,10,7,540,4
1536,10,7,540,4
1536,10,7,540,4
1536,10,7,540,4
1536,10,7,540,4
1536,10,7,660,3
1536,10,7,660,4
1536,10,7,660,4
1536,10,7,660,4
1536,10,7,660,4
1536,10,7,780,2
1536,10,7,780,2
1536,10,7,780,1
1536,10,7,780,2
1536,10,7,780,2
1536,10,7,840,1
1536,10,7,840,2
1536,10,7,840,2
1536,10,7,840,2
1536,10,7,840,2
1536,10,7,960,2
1536,10,7,960,2
1536,10,7,960,2
1536,10,7,960,2
1536,10,7,960,2
1536,10,7,1020,1
1536,10,7,1020,2
1536,10,7,1020,2
1536,10,7,1020,2
1536,10,7,1020,1
1536,10,7,1140,1
1536,10,7,1140,1
1536,10,7,1140,1
1536,10,7,1140,1
1536,10,7,1140,1
1536,10,7,1260,1
1536,10,7,1260,1
1536,10,7,1260,1
1536,10,7,1260,1
1536,10,7,1260,1
1536,10,7,1320,0
1536,10,7,1320,1
1536,10,7,1320,1
1536,10,7,1320,1
1536,10,7,1320,1
1536,10,20,420,11
1536,10,20,420,10
1536,10,20,420,10
1536,10,20,420,10
1536,10,20,420,10
1536,10,20,540,11
1536,10,20,540,10
1536,10,20,540,10
1536,10,20,540,10
1536,10,20,540,10
1536,10,20,660,7
1536,10,20,660,10
1536,10,20,660,10
1536,10,20,660,10
1536,10,20,660,10
1536,10,20,780,5
1536,10,20,780,4
1536,10,20,780,5
1536,10,20,780,5
1536,10,20,780,5
1536,10,20,840,5
1536,10,20,840,3
1536,10,20,840,5
1536,10,20,840,5
1536,10,20,840,5
1536,10,20,960,6
1536,10,20,960,5
1536,10,20,960,5
1536,10,20,960,5
1536,10,20,960,4
1536,10,20,1020,4
1536,10,20,1020,5
1536,10,20,1020,4
1536,10,20,1020,5
1536,10,20,1020,5
1536,10,20,1140,3
1536,10,20,1140,3
1536,10,20,1140,3
1536,10,20,1140,3
1536,10,20,1140,3
1536,10,20,1260,3
1536,10,20,1260,3
1536,10,20,1260,3
1536,10,20,1260,3
1536,10,20,1260,3
1536,10,20,1320,3
1536,10,20,1320,3
1536,10,20,1320,3
1536,10,20,1320,3
1536,10,20,1320,3
1536,10,12,1,11
1536,10,12,1,12
1536,10,12,1,11
1536,10,12,1,12
1536,10,12,1,12
1536,10,12,2,12
1536,10,12,2,8
1536,10,12,2,12
1536,10,12,2,12
1536,10,12,2,12
1536,10,12,4,11
1536,10,12,4,12
1536,10,12,4,12
1536,10,12,4,12
1536,10,12,4,12
1536,10,12,8,12
1536,10,12,8,11
1536,10,12,8,12
1536,10,12,8,12
1536,10,12,8,12
1536,10,12,15,10
1536,10,12,15,10
1536,10,12,15,11
1536,10,12,15,12
1536,10,12,15,10
1536,10,12,30,10
1536,10,12,30,12
1536,10,12,30,12
1536,10,12,30,12
1536,10,12,30,12
1536,10,12,60,7
1536,10,12,60,11
1536,10,12,60,10
1536,10,12,60,12
1536,10,12,60,12
1536,10,12,120,12
1536,10,12,120,12
1536,10,12,120,12
1536,10,12,120,12
1536,10,12,120,12
1536,10,12,180,12
1536,10,12,180,10
1536,10,12,180,12
1536,10,12,180,12
1536,10,12,180,11
1536,10,12,240,12
1536,10,12,240,12
1536,10,12,240,12
1536,10,12,240,12
1536,10,12,240,12
1536,10,12,300,12
1536,10,12,300,12
1536,10,12,300,11
1536,10,12,300,12
1536,10,12,300,12
1536,10,6,360,6
1536,10,6,360,5
1536,10,6,360,6
1536,10,6,360,6
1536,10,6,360,6
1536,10,6,480,4
1536,10,6,480,3
1536,10,6,480,3
1536,10,6,480,3
1536,10,6,480,3
1536,10,6,600,3
1536,10,6,600,3
1536,10,6,600,3
1536,10,6,600,3
1536,10,6,600,3
1536,10,6,720,3
1536,10,6,720,3
1536,10,6,720,3
1536,10,6,720,3
1536,10,6,720,3
1536,10,6,900,1
1536,10,6,900,2
1536,10,6,900,2
1536,10,6,900,2
1536,10,6,900,2
1536,10,6,1080,2
1536,10,6,1080,2
1536,10,6,1080,2
1536,10,6,1080,2
1536,10,6,1080,2
1536,10,6,1200,1
1536,10,6,1200,1
1536,10,6,1200,1
1536,10,6,1200,1
1536,10,6,1200,0
1536,10,3,360,3
1536,10,3,480,2
1536,10,3,600,2
1536,10,3,720,1
1536,10,3,900,0
1536,10,3,1080,1
1536,10,3,1200,0
1536,10,11,360,11
1536,10,11,480,2
1536,10,11,600,6
1536,10,11,720,5
1536,10,11,900,3
1536,10,11,1080,3
1536,10,11,1200,2
1536,10,20,1,14
1536,10,20,1,20
1536,10,20,1,18
1536,10,20,1,20
1536,10,20,1,20
1536,10,20,2,19
1536,10,20,2,9
1536,10,20,2,5
1536,10,20,2,6
1536,10,20,2,4
1536,10,20,4,16
1536,10,20,4,20
1536,10,20,4,20
1536,10,20,4,20
1536,10,20,4,20
1536,10,20,8,19
1536,10,20,8,19
1536,10,20,8,20
1536,10,20,8,20
1536,10,20,8,19
1536,10,20,15,16
1536,10,20,15,18
1536,10,20,15,20
1536,10,20,15,20
1536,10,20,15,20
1536,10,20,30,18
1536,10,20,30,20
1536,10,20,30,20
1536,10,20,30,19
1536,10,20,30,20
1536,10,20,60,16
1536,10,20,60,19
1536,10,20,60,20
1536,10,20,60,18
1536,10,20,60,20
1536,10,20,120,19
1536,10,20,120,19
1536,10,20,120,19
1536,10,20,120,20
1536,10,20,120,20
1536,10,20,180,19
1536,10,20,180,20
1536,10,20,180,20
1536,10,20,180,20
1536,10,20,180,20
1536,10,20,240,20
1536,10,20,240,20
1536,10,20,240,20
1536,10,20,240,20
1536,10,20,240,20
1536,10,20,300,20
1536,10,20,300,20
1536,10,20,300,20
1536,10,20,300,20
1536,10,20,300,20
1536,10,2,1,2
1536,10,2,1,1
1536,10,2,1,2
1536,10,2,1,2
1536,10,2,1,2
1536,10,2,2,2
1536,10,2,2,1
1536,10,2,2,2
1536,10,2,2,2
1536,10,2,2,2
1536,10,2,4,2
1536,10,2,4,1
1536,10,2,4,2
1536,10,2,4,2
1536,10,2,4,2
1536,10,2,8,1
1536,10,2,8,2
1536,10,2,8,2
1536,10,2,8,2
1536,10,2,8,1
1536,10,2,15,2
1536,10,2,15,2
1536,10,2,15,2
1536,10,2,15,1
1536,10,2,15,1
1536,10,2,30,1
1536,10,2,30,2
1536,10,2,30,2
1536,10,2,30,2
1536,10,2,30,2
1536,10,2,60,2
1536,10,2,60,2
1536,10,2,60,2
1536,10,2,60,2
1536,10,2,60,2
1536,10,2,120,2
1536,10,2,120,2
1536,10,2,120,2
1536,10,2,120,2
1536,10,2,120,2
1536,10,2,180,2
1536,10,2,180,2
1536,10,2,180,2
1536,10,2,180,2
1536,10,2,180,2
1536,10,2,240,2
1536,10,2,240,1
1536,10,2,240,2
1536,10,2,240,2
1536,10,2,240,2
1536,10,2,300,2
1536,10,2,300,2
1536,10,2,300,2
1536,10,2,300,2
1536,10,2,300,2
1536,10,16,1,15
1536,10,16,1,16
1536,10,16,1,13
1536,10,16,1,16
1536,10,16,1,16
1536,10,16,2,6
1536,10,16,2,16
1536,10,16,2,16
1536,10,16,2,16
1536,10,16,2,14
1536,10,16,4,16
1536,10,16,4,14
1536,10,16,4,15
1536,10,16,4,14
1536,10,16,4,16
1536,10,16,8,15
1536,10,16,8,14
1536,10,16,8,16
1536,10,16,8,16
1536,10,16,8,16
1536,10,16,15,15
1536,10,16,15,14
1536,10,16,15,14
1536,10,16,15,16
1536,10,16,15,15
1536,10,16,30,10
1536,10,16,30,16
1536,10,16,30,16
1536,10,16,30,7
1536,10,16,30,12
1536,10,16,60,14
1536,10,16,60,15
1536,10,16,60,16
1536,10,16,60,16
1536,10,16,60,16
1536,10,16,120,16
1536,10,16,120,11
1536,10,16,120,16
1536,10,16,120,16
1536,10,16,120,16
1536,10,16,180,16
1536,10,16,180,15
1536,10,16,180,16
1536,10,16,180,16
1536,10,16,180,16
1536,10,16,240,16
1536,10,16,240,15
1536,10,16,240,15
1536,10,16,240,16
1536,10,16,240,15
1536,10,16,300,15
1536,10,16,300,15
1536,10,16,300,16
1536,10,16,300,16
1536,10,16,300,16
1536,10,8,360,6
1536,10,8,360,8
1536,10,8,360,8
1536,10,8,360,8
1536,10,8,360,8
1536,10,8,480,5
1536,10,8,480,4
1536,10,8,480,4
1536,10,8,480,4
1536,10,8,480,4
1536,10,8,600,4
1536,10,8,600,4
1536,10,8,600,4
1536,10,8,600,4
1536,10,8,600,4
1536,10,8,720,4
1536,10,8,720,4
1536,10,8,720,4
1536,10,8,720,4
1536,10,8,720,4
1536,10,8,900,1
1536,10,8,900,2
1536,10,8,900,2
1536,10,8,900,2
1536,10,8,900,2
1536,10,8,1080,2
1536,10,8,1080,2
1536,10,8,1080,2
1536,10,8,1080,2
1536,10,8,1080,2
1536,10,8,1200,1
1536,10,8,1200,1
1536,10,8,1200,1
1536,10,8,1200,1
1536,10,8,1200,1
1536,10,15,360,8
1536,10,15,360,14
1536,10,15,360,15
1536,10,15,360,15
1536,10,15,360,15
1536,10,15,480,7
1536,10,15,480,8
1536,10,15,480,7
1536,10,15,480,8
1536,10,15,480,8
1536,10,15,600,8
1536,10,15,600,8
1536,10,15,600,8
1536,10,15,600,8
1536,10,15,600,7
1536,10,15,720,8
1536,10,15,720,7
1536,10,15,720,8
1536,10,15,720,8
1536,10,15,720,8
1536,10,15,900,4
1536,10,15,900,4
1536,10,15,900,2
1536,10,15,900,4
1536,10,15,900,4
1536,10,15,1080,4
1536,10,15,1080,4
1536,10,15,1080,4
1536,10,15,1080,4
1536,10,15,1080,4
1536,10,15,1200,2
1536,10,15,1200,2
1536,10,15,1200,2
1536,10,15,1200,2
1536,10,15,1200,2
1536,10,4,1,4
1536,10,4,1,4
1536,10,4,1,4
1536,10,4,1,4
1536,10,4,1,4
1536,10,4,2,4
1536,10,4,2,4
1536,10,4,2,4
1536,10,4,2,4
1536,10,4,2,4
1536,10,4,4,4
1536,10,4,4,4
1536,10,4,4,4
1536,10,4,4,3
1536,10,4,4,4
1536,10,4,8,3
1536,10,4,8,4
1536,10,4,8,4
1536,10,4,8,4
1536,10,4,8,4
1536,10,4,15,3
1536,10,4,15,4
1536,10,4,15,4
1536,10,4,15,4
1536,10,4,15,3
1536,10,4,30,4
1536,10,4,30,4
1536,10,4,30,4
1536,10,4,30,4
1536,10,4,30,4
1536,10,4,60,4
1536,10,4,60,4
1536,10,4,60,4
1536,10,4,60,4
1536,10,4,60,3
1536,10,4,120,4
1536,10,4,120,4
1536,10,4,120,4
1536,10,4,120,4
1536,10,4,120,4
1536,10,4,180,4
1536,10,4,180,2
1536,10,4,180,4
1536,10,4,180,4
1536,10,4,180,4
1536,10,4,240,4
1536,10,4,240,4
1536,10,4,240,4
1536,10,4,240,4
1536,10,4,240,4
1536,10,4,300,4
1536,10,4,300,2
1536,10,4,300,4
1536,10,4,300,4
1536,10,4,300,4
